case_id,workload,model,repetition,success,error_type,timeout,latency_ms,ttft_ms,input_tokens,output_tokens,total_tokens,estimated_cost,quality_score,policy_compliance,format_compliance,trace_id,response_digest
BENCH-01,simple_lookup_summary,Gemma 4 31B IT,1,True,,False,3907.729,,208,35,243,,80.0,True,True,589afb6d-45d8-494c-a59f-0110074143e3,sha256:f0ccc9ba24c2f8851f5743a223d9b22a4b92be4a9d9efe3dfc732ef95c83efe7
BENCH-01,simple_lookup_summary,Gemma 4 31B IT,2,True,,False,6425.307,,208,35,243,,80.0,True,True,2eb24bb4-5775-4a76-9bcb-aa9c0e2107a2,sha256:f0ccc9ba24c2f8851f5743a223d9b22a4b92be4a9d9efe3dfc732ef95c83efe7
BENCH-01,simple_lookup_summary,Gemma 4 31B IT,3,True,,False,6394.975,,208,35,243,,80.0,True,True,89aa5abc-1a1f-4b45-8949-5d4e1e7ec4bd,sha256:f0ccc9ba24c2f8851f5743a223d9b22a4b92be4a9d9efe3dfc732ef95c83efe7
BENCH-01,simple_lookup_summary,Muse Glimmer 30B,1,True,,False,6723.487,,191,136,327,,80.0,True,True,f5e32bc0-65cf-4cc4-816c-e475a03f3039,sha256:8f24ad95ffe6bae11a06d3e6d6f6e4366eb38b65d2fa988ef73af44875a39a17
BENCH-01,simple_lookup_summary,Muse Glimmer 30B,2,True,,False,4944.445,,191,136,327,,80.0,True,True,9b64fdbc-3bf4-496e-bcce-556f9424727d,sha256:8f24ad95ffe6bae11a06d3e6d6f6e4366eb38b65d2fa988ef73af44875a39a17
BENCH-01,simple_lookup_summary,Muse Glimmer 30B,3,True,,False,6716.157,,191,136,327,,80.0,True,True,39fb4bf2-2187-447e-9757-ff87a0d954ce,sha256:8f24ad95ffe6bae11a06d3e6d6f6e4366eb38b65d2fa988ef73af44875a39a17
BENCH-01,simple_lookup_summary,Nemotron 3.5 Lightning,1,True,,False,12645.462,,203,39,242,,80.0,True,True,43d62043-a2c8-4d79-9ca2-c40c019e29b9,sha256:20ce894798c9738ed11dc558362737d9aa65b2bee2fa527c33b7250297065149
BENCH-01,simple_lookup_summary,Nemotron 3.5 Lightning,2,True,,False,1679.763,,203,37,240,,80.0,True,True,86ca6330-3110-4494-b383-df05ab07ece7,sha256:d4ef66916f0eeaa7fb60d3c7669ddbbda5c9b75075119d7bf161ae56dabf8e7f
BENCH-01,simple_lookup_summary,Nemotron 3.5 Lightning,3,False,MALFORMED_RESPONSE,False,47996.104,,203,512,715,,0.0,False,False,fb4f21d7-a4c2-4b2a-8f30-a8cd260c1251,sha256:5300b73e5e71f18d696716fa535b3a393c2f76df86b56c19514efaa46381463c
BENCH-02,simple_lookup_summary,Gemma 4 31B IT,1,True,,False,4949.393,,223,42,265,,40.0,False,True,7e9fbcea-f608-4b31-b1ee-6091449ffae5,sha256:d575f0e31fcdde0ce0c8080cb0755a5f431718276ba4d476390c102eaab63bf0
BENCH-02,simple_lookup_summary,Gemma 4 31B IT,2,True,,False,5010.911,,223,72,295,,100.0,True,True,878a6f51-fa9f-49da-9390-b7c3087da6be,sha256:b1fd98f2e3644787455357302e1b609e8bd5ca52bc2f63d7d9956cbd71b4ca87
BENCH-02,simple_lookup_summary,Gemma 4 31B IT,3,True,,False,39114.576,,223,42,265,,40.0,False,True,9bae0052-e23a-42a4-b9f4-979e8d4318b0,sha256:d575f0e31fcdde0ce0c8080cb0755a5f431718276ba4d476390c102eaab63bf0
BENCH-02,simple_lookup_summary,Muse Glimmer 30B,1,True,,False,16654.537,,200,218,418,,60.0,True,True,8c528c6c-f870-4a14-8620-6205ca861ee7,sha256:55b773f2b15e6ae25a9d218cb485cec97b2ea8edf0e49c5032988f93cb02ba9e
BENCH-02,simple_lookup_summary,Muse Glimmer 30B,2,True,,False,42165.148,,200,408,608,,100.0,True,True,6622cafc-f620-47c7-90c7-22ed7e85c757,sha256:dbf513d7f5674fcbd624525730501d523b0e44a4e60b75f7592c087037a74c6f
BENCH-02,simple_lookup_summary,Muse Glimmer 30B,3,True,,False,26072.619,,200,348,548,,100.0,True,True,c45132cc-357d-491f-9645-76a56e8bcf5e,sha256:e42ff6dac0c22b2e4f71b193d7d689be9cfc2fec1695e2f5998cb0d869145cf3
BENCH-02,simple_lookup_summary,Nemotron 3.5 Lightning,1,True,,False,1241.07,,214,53,267,,100.0,True,True,9565aa94-0f88-4b2b-be2a-a1a7dd2df2b1,sha256:7fe6517c2121c54a1dcfe8e82e377ce6a067017a28b7a8f58eae8fe3701b5cc2
BENCH-02,simple_lookup_summary,Nemotron 3.5 Lightning,2,True,,False,1189.012,,214,53,267,,100.0,True,True,ff362e5f-bc5e-45ae-b37e-eae538dd59ad,sha256:7fe6517c2121c54a1dcfe8e82e377ce6a067017a28b7a8f58eae8fe3701b5cc2
BENCH-02,simple_lookup_summary,Nemotron 3.5 Lightning,3,True,,False,14757.285,,214,62,276,,100.0,True,True,617463a3-7f8e-45ac-a5d2-3813660eefb6,sha256:c7b39f00b9c5120ec2b908c7a178a6693945fcfe32931d2ad332993490330366
BENCH-03,simple_lookup_summary,Gemma 4 31B IT,1,True,,False,22939.057,,204,42,246,,40.0,False,True,6e3b6b05-556b-412a-81ef-21f423f754d0,sha256:6df145a0d49635f034273d81688252b344102886d37c7fe93b0076273262f2ec
BENCH-03,simple_lookup_summary,Gemma 4 31B IT,2,True,,False,8216.107,,204,42,246,,40.0,False,True,d5b250bf-543f-46dc-b5ac-0c15ad7f4f13,sha256:6df145a0d49635f034273d81688252b344102886d37c7fe93b0076273262f2ec
BENCH-03,simple_lookup_summary,Gemma 4 31B IT,3,True,,False,7752.157,,204,42,246,,40.0,False,True,8f8ad2e3-258b-49f3-9430-d6b87b2c70f7,sha256:6df145a0d49635f034273d81688252b344102886d37c7fe93b0076273262f2ec
BENCH-03,simple_lookup_summary,Muse Glimmer 30B,1,True,,False,27231.473,,191,285,476,,80.0,True,True,720819df-f4ab-41fd-bbb6-a7246aacdcfc,sha256:8662ac58fa55d26980299dc306073f5e8d3c7103d7f1b6c7a4624780bf437810
BENCH-03,simple_lookup_summary,Muse Glimmer 30B,2,True,,False,30847.717,,191,285,476,,80.0,True,True,bf1b8cbf-8530-48e6-92f5-8ac9124dcc0b,sha256:8662ac58fa55d26980299dc306073f5e8d3c7103d7f1b6c7a4624780bf437810
BENCH-03,simple_lookup_summary,Muse Glimmer 30B,3,True,,False,24381.666,,191,285,476,,80.0,True,True,54d3abef-907f-49bf-8b22-1727bdb8ce3f,sha256:8662ac58fa55d26980299dc306073f5e8d3c7103d7f1b6c7a4624780bf437810
BENCH-03,simple_lookup_summary,Nemotron 3.5 Lightning,1,True,,False,454.342,,199,39,238,,80.0,True,True,011c88b5-ff9e-4543-b932-aa57002ace14,sha256:624991cdc659a8bebab1afecfa2455f86cf5720ee6f2a9d098db89adc93c3ac8
BENCH-03,simple_lookup_summary,Nemotron 3.5 Lightning,2,True,,False,830.069,,199,39,238,,80.0,True,True,e024aac1-f257-44c3-a247-a13e2aa0846b,sha256:624991cdc659a8bebab1afecfa2455f86cf5720ee6f2a9d098db89adc93c3ac8
BENCH-03,simple_lookup_summary,Nemotron 3.5 Lightning,3,True,,False,919.382,,199,41,240,,80.0,True,True,27b9e0ce-7592-4776-84ed-7bcfcf67c9f7,sha256:8905015c52dabdd4ae5c2c7164f148045820987e9f694e08b47fc96a9f694fa7
BENCH-04,simple_lookup_summary,Gemma 4 31B IT,1,True,,False,32622.952,,196,40,236,,80.0,True,True,695ee077-f4c6-4b20-a280-4124e47519f1,sha256:f9d72eecc653ddecddfcc13a2825a4dbb1c39a4849f2445fcdd08419284fa64b
BENCH-04,simple_lookup_summary,Gemma 4 31B IT,2,True,,False,10316.363,,196,40,236,,80.0,True,True,4fc09627-1884-47fb-8cac-f325e7911860,sha256:d903d2c10cc18a565e8883ec897f5714133de0135ea58c7bdb85b3849267eb4e
BENCH-04,simple_lookup_summary,Gemma 4 31B IT,3,True,,False,46517.54,,196,40,236,,80.0,True,True,d6c261f9-d23c-428b-895f-17c72fa41e5f,sha256:d903d2c10cc18a565e8883ec897f5714133de0135ea58c7bdb85b3849267eb4e
BENCH-04,simple_lookup_summary,Muse Glimmer 30B,1,True,,False,12680.996,,184,251,435,,100.0,True,True,c93d7c57-606c-41f7-bcdc-c7c90645f919,sha256:886dbb58603a74fcd9171dea1177399dbd7e6e79b6eecc817857018f0fc9fff9
BENCH-04,simple_lookup_summary,Muse Glimmer 30B,2,True,,False,13875.846,,184,279,463,,100.0,True,True,63df529d-e7e9-4d1e-bc13-3c5a31a4945a,sha256:7be149038f4022dfb6066de36e96e035d2e6cb199ace7f0a742a9ae470475ece
BENCH-04,simple_lookup_summary,Muse Glimmer 30B,3,True,,False,4434.286,,184,251,435,,100.0,True,True,6c77cfa7-3953-453b-b3d1-f20d606f5baf,sha256:886dbb58603a74fcd9171dea1177399dbd7e6e79b6eecc817857018f0fc9fff9
BENCH-04,simple_lookup_summary,Nemotron 3.5 Lightning,1,True,,False,1135.954,,193,43,236,,100.0,True,True,b3ff546c-f015-43b7-93fb-2c48e6f6dfdc,sha256:1492780a308e61a499ee5f1c07352caa54fdef878aca8bc94dc758a3f7d1e67f
BENCH-04,simple_lookup_summary,Nemotron 3.5 Lightning,2,True,,False,1070.595,,193,43,236,,100.0,True,True,2e98393c-60d5-4ac7-ae0b-b8001040c423,sha256:1492780a308e61a499ee5f1c07352caa54fdef878aca8bc94dc758a3f7d1e67f
BENCH-04,simple_lookup_summary,Nemotron 3.5 Lightning,3,True,,False,115554.072,,193,44,237,,100.0,True,True,376cd57c-3f2f-4092-a66d-9c17479b9da6,sha256:1492780a308e61a499ee5f1c07352caa54fdef878aca8bc94dc758a3f7d1e67f
BENCH-05,simple_lookup_summary,Gemma 4 31B IT,1,True,,False,41404.152,,208,33,241,,80.0,False,True,38f5cb0b-b779-4a59-bda1-41056ba5f3c7,sha256:0b7d95c1725e331fc323d52a7ee505f351098551464e7c2e40bde5c5c68755f3
BENCH-05,simple_lookup_summary,Gemma 4 31B IT,2,True,,False,15078.86,,208,33,241,,80.0,False,True,987402a4-0012-44d5-b32f-70fdf89d517d,sha256:0b7d95c1725e331fc323d52a7ee505f351098551464e7c2e40bde5c5c68755f3
BENCH-05,simple_lookup_summary,Gemma 4 31B IT,3,True,,False,7881.207,,208,33,241,,80.0,False,True,84acd59f-344e-4259-9467-60ff37896d90,sha256:0b7d95c1725e331fc323d52a7ee505f351098551464e7c2e40bde5c5c68755f3
BENCH-05,simple_lookup_summary,Muse Glimmer 30B,1,True,,False,6688.632,,189,267,456,,100.0,True,True,8db1e152-4074-4529-9e38-6cb1326c6c01,sha256:31855324c1c5b8f0dbf384cc29224228165dda1c82d7dc6fc60993be9dc23a56
BENCH-05,simple_lookup_summary,Muse Glimmer 30B,2,True,,False,25433.77,,189,267,456,,100.0,True,True,3b801f05-e2ae-4638-b431-888f02c211bc,sha256:31855324c1c5b8f0dbf384cc29224228165dda1c82d7dc6fc60993be9dc23a56
BENCH-05,simple_lookup_summary,Muse Glimmer 30B,3,True,,False,8873.521,,189,267,456,,100.0,True,True,494bb4b5-9601-49ff-91d9-50c665beebdc,sha256:31855324c1c5b8f0dbf384cc29224228165dda1c82d7dc6fc60993be9dc23a56
BENCH-05,simple_lookup_summary,Nemotron 3.5 Lightning,1,True,,False,1770.202,,199,37,236,,100.0,True,True,743c2b9b-711c-4079-b11d-cd64f65c9e8e,sha256:f781e58b97fd2e33b2cacc36ab782728fb300e14b731a3eccf2ded8f664aa7cd
BENCH-05,simple_lookup_summary,Nemotron 3.5 Lightning,2,False,MALFORMED_RESPONSE,False,91265.071,,199,512,711,,0.0,False,False,66073a6e-5df1-4596-8bc9-b472a30ac8f4,sha256:18d48dde9cd48473c5805425773ffa81153395b83e70715ba756186abf1f7c5a
BENCH-05,simple_lookup_summary,Nemotron 3.5 Lightning,3,True,,False,891.826,,199,37,236,,100.0,True,True,eabd0a7f-68b2-4a3f-8e81-49c762332c90,sha256:f781e58b97fd2e33b2cacc36ab782728fb300e14b731a3eccf2ded8f664aa7cd
BENCH-06,exact_numeric_processing,Gemma 4 31B IT,1,True,,False,79319.479,,212,38,250,,85.0,False,True,2950093f-7431-4fbc-8c1d-ec1f373c532b,sha256:452028e975d4c8a44232b90f1638760cfe4a0820c16708b7e71e716097b825d2
BENCH-06,exact_numeric_processing,Gemma 4 31B IT,2,True,,False,5102.094,,212,38,250,,85.0,False,True,8edf885b-3193-4d42-9efd-6d3c66dcf2ad,sha256:452028e975d4c8a44232b90f1638760cfe4a0820c16708b7e71e716097b825d2
BENCH-06,exact_numeric_processing,Gemma 4 31B IT,3,True,,False,6509.168,,212,38,250,,85.0,False,True,0ed8923c-d344-4f0f-b0da-9d70af3e119c,sha256:452028e975d4c8a44232b90f1638760cfe4a0820c16708b7e71e716097b825d2
BENCH-06,exact_numeric_processing,Muse Glimmer 30B,1,True,,False,21957.4,,190,286,476,,85.0,False,True,1a9afa8a-7219-4691-844a-dcf7831578a4,sha256:452028e975d4c8a44232b90f1638760cfe4a0820c16708b7e71e716097b825d2
BENCH-06,exact_numeric_processing,Muse Glimmer 30B,2,True,,False,13558.829,,190,296,486,,85.0,False,True,67f96658-7529-484a-b086-283045e3b09f,sha256:452028e975d4c8a44232b90f1638760cfe4a0820c16708b7e71e716097b825d2
BENCH-06,exact_numeric_processing,Muse Glimmer 30B,3,True,,False,14706.223,,190,296,486,,85.0,False,True,a981c3a7-5fdd-43c0-a063-2f245e054ac6,sha256:452028e975d4c8a44232b90f1638760cfe4a0820c16708b7e71e716097b825d2
BENCH-06,exact_numeric_processing,Nemotron 3.5 Lightning,1,True,,False,1008.081,,203,42,245,,85.0,False,True,c0679a1e-6e0c-4a16-8a2f-e2e583ce703b,sha256:365c1444875faaae2beb701ab11d62904f4c9c95276668b56191667ff79d8801
BENCH-06,exact_numeric_processing,Nemotron 3.5 Lightning,2,True,,False,1486.565,,203,42,245,,85.0,False,True,ef7afbc9-8a04-4929-a62f-e48d33a62f85,sha256:365c1444875faaae2beb701ab11d62904f4c9c95276668b56191667ff79d8801
BENCH-06,exact_numeric_processing,Nemotron 3.5 Lightning,3,True,,False,952.529,,203,42,245,,85.0,False,True,bd6bc9fc-5da5-4f8b-a239-aeaaa1de0b1c,sha256:365c1444875faaae2beb701ab11d62904f4c9c95276668b56191667ff79d8801
BENCH-07,exact_numeric_processing,Gemma 4 31B IT,1,True,,False,4146.257,,212,36,248,,85.0,False,True,f54312c6-0bcb-440f-95e1-30ad64e8703a,sha256:9a1ad429519f7e496f0e5636c425b8e0a0d4fbf9faef1140da1edca89e2cdab4
BENCH-07,exact_numeric_processing,Gemma 4 31B IT,2,True,,False,2297.378,,212,36,248,,85.0,False,True,a4d5b658-4842-4b0a-85cf-ac108327f2fe,sha256:9a1ad429519f7e496f0e5636c425b8e0a0d4fbf9faef1140da1edca89e2cdab4
BENCH-07,exact_numeric_processing,Gemma 4 31B IT,3,True,,False,1967.957,,212,36,248,,85.0,False,True,a17163f1-ff00-42f3-b5d4-d3692b5dbfee,sha256:9a1ad429519f7e496f0e5636c425b8e0a0d4fbf9faef1140da1edca89e2cdab4
BENCH-07,exact_numeric_processing,Muse Glimmer 30B,1,True,,False,16111.466,,193,246,439,,85.0,False,True,f95f58e8-04f2-425a-a8a0-a66694fb4f27,sha256:9a1ad429519f7e496f0e5636c425b8e0a0d4fbf9faef1140da1edca89e2cdab4
BENCH-07,exact_numeric_processing,Muse Glimmer 30B,2,True,,False,13649.042,,193,246,439,,85.0,False,True,3471bad5-9936-4885-8492-1b151a29b7ca,sha256:9a1ad429519f7e496f0e5636c425b8e0a0d4fbf9faef1140da1edca89e2cdab4
BENCH-07,exact_numeric_processing,Muse Glimmer 30B,3,True,,False,5940.5,,193,234,427,,85.0,False,True,ce80648b-7150-40aa-89da-af80f49dfaf3,sha256:9a1ad429519f7e496f0e5636c425b8e0a0d4fbf9faef1140da1edca89e2cdab4
BENCH-07,exact_numeric_processing,Nemotron 3.5 Lightning,1,True,,False,6196.961,,206,40,246,,85.0,False,True,6d47e9e8-f281-4ba0-8354-6d6c5f56e25e,sha256:d44d98577ff18131e54916325215352321f4b2270dd005f3f3e202e27b64f554
BENCH-07,exact_numeric_processing,Nemotron 3.5 Lightning,2,True,,False,1194.914,,206,40,246,,85.0,False,True,c56dd5b7-02ee-40b3-8d3f-6406934b1219,sha256:d44d98577ff18131e54916325215352321f4b2270dd005f3f3e202e27b64f554
BENCH-07,exact_numeric_processing,Nemotron 3.5 Lightning,3,True,,False,1865.223,,206,40,246,,85.0,False,True,910380d8-e8c3-4292-818c-af3cadcb3f65,sha256:d44d98577ff18131e54916325215352321f4b2270dd005f3f3e202e27b64f554
BENCH-08,exact_numeric_processing,Gemma 4 31B IT,1,True,,False,5251.782,,215,52,267,,86.6667,True,True,64b06498-a018-4b70-89c7-f7db694ba7ab,sha256:2a998bf2ed365efdfe013e3975baa37ee0c6af80ca13c016cdba89546e6b497e
BENCH-08,exact_numeric_processing,Gemma 4 31B IT,2,True,,False,1956.728,,215,52,267,,86.6667,True,True,d53dc57d-2463-4ec0-be70-98903b4fb6e2,sha256:2a998bf2ed365efdfe013e3975baa37ee0c6af80ca13c016cdba89546e6b497e
BENCH-08,exact_numeric_processing,Gemma 4 31B IT,3,True,,False,4907.532,,215,52,267,,86.6667,True,True,7df5e80b-cd5d-4c2d-b4e5-17b745ee0eb2,sha256:2a998bf2ed365efdfe013e3975baa37ee0c6af80ca13c016cdba89546e6b497e
BENCH-08,exact_numeric_processing,Muse Glimmer 30B,1,True,,False,22606.837,,193,249,442,,100.0,True,True,b053a312-5e44-4fca-a940-ba3d9d7fd18e,sha256:7ff84bdc64c1c6c2fa8d1437d16ff43f2d61f7f921b6f207cf49ebe93b5911bb
BENCH-08,exact_numeric_processing,Muse Glimmer 30B,2,True,,False,12563.799,,193,180,373,,86.6667,True,True,c1e15f06-d640-48c6-b425-eed97a79e0ac,sha256:665a2a04a60a747c50a2ed344064676de8afd685bd225de0685d0c5f64cb2228
BENCH-08,exact_numeric_processing,Muse Glimmer 30B,3,True,,False,17479.873,,193,205,398,,86.6667,True,True,ebeb98dc-89db-475d-9526-5277b8abbdf6,sha256:665a2a04a60a747c50a2ed344064676de8afd685bd225de0685d0c5f64cb2228
BENCH-08,exact_numeric_processing,Nemotron 3.5 Lightning,1,True,,False,1520.165,,206,54,260,,100.0,True,True,faa1fcfd-ab0e-4a1c-84d2-650d08d99d4e,sha256:e6bd4f00f88a2e863e68b736b23b4f5bba8663932e70f41fb8eea3f0e563d9d7
BENCH-08,exact_numeric_processing,Nemotron 3.5 Lightning,2,True,,False,1211.507,,206,56,262,,86.6667,True,True,3a4af64a-3bde-4594-817b-16216a5d1802,sha256:7502e67ea6606dc9a16cab6a0fc6eefeec2df10b204da5bc0ce863698acd8e50
BENCH-08,exact_numeric_processing,Nemotron 3.5 Lightning,3,True,,False,5991.85,,206,54,260,,100.0,True,True,2137a9f8-7dbd-4590-820b-f8eb3e21b12e,sha256:e6bd4f00f88a2e863e68b736b23b4f5bba8663932e70f41fb8eea3f0e563d9d7
BENCH-09,exact_numeric_processing,Gemma 4 31B IT,1,True,,False,14204.658,,211,37,248,,85.0,False,True,df161963-7ae8-428e-93ef-d22478e727f2,sha256:f8a59d5d7dfb99f4509d29384b13c1164ffd58cbc640ed6beabbe30088177968
BENCH-09,exact_numeric_processing,Gemma 4 31B IT,2,True,,False,2886.146,,211,37,248,,85.0,False,True,d8112e1e-a841-4494-aaa8-d3fe3d0d9d9a,sha256:f8a59d5d7dfb99f4509d29384b13c1164ffd58cbc640ed6beabbe30088177968
BENCH-09,exact_numeric_processing,Gemma 4 31B IT,3,True,,False,2066.331,,211,37,248,,85.0,False,True,9d571273-d1c2-40a9-9b87-dc11fe4babf6,sha256:f8a59d5d7dfb99f4509d29384b13c1164ffd58cbc640ed6beabbe30088177968
BENCH-09,exact_numeric_processing,Muse Glimmer 30B,1,True,,False,15748.74,,189,148,337,,85.0,False,True,713e95d0-4c07-446b-ab3f-8c0275e5aa2e,sha256:f8a59d5d7dfb99f4509d29384b13c1164ffd58cbc640ed6beabbe30088177968
BENCH-09,exact_numeric_processing,Muse Glimmer 30B,2,True,,False,4681.772,,189,148,337,,85.0,False,True,8969201b-ce6c-475b-ac5c-2a95a328fdb5,sha256:f8a59d5d7dfb99f4509d29384b13c1164ffd58cbc640ed6beabbe30088177968
BENCH-09,exact_numeric_processing,Muse Glimmer 30B,3,True,,False,3816.657,,189,148,337,,85.0,False,True,82156f29-43bc-4c3b-a677-1a3dc4af332b,sha256:f8a59d5d7dfb99f4509d29384b13c1164ffd58cbc640ed6beabbe30088177968
BENCH-09,exact_numeric_processing,Nemotron 3.5 Lightning,1,True,,False,2639.006,,202,41,243,,85.0,False,True,7775d3e4-b181-47ec-b388-9eb1547366f4,sha256:8f3faf5a81f1241784a94fa244ef11d9e3f4d22a8f51f20a0f3ececb95c4c559
BENCH-09,exact_numeric_processing,Nemotron 3.5 Lightning,2,True,,False,1427.261,,202,41,243,,85.0,False,True,9f6fce45-e12a-4c49-b6c8-0a65dc963925,sha256:8f3faf5a81f1241784a94fa244ef11d9e3f4d22a8f51f20a0f3ececb95c4c559
BENCH-09,exact_numeric_processing,Nemotron 3.5 Lightning,3,True,,False,32005.582,,202,41,243,,85.0,False,True,0c3dfaa8-dbbd-4700-a8fe-7a2f311b5bc3,sha256:8f3faf5a81f1241784a94fa244ef11d9e3f4d22a8f51f20a0f3ececb95c4c559
BENCH-10,exact_numeric_processing,Gemma 4 31B IT,1,True,,False,973.917,,216,36,252,,72.5,False,True,b7f9ca1c-8702-432a-b8da-c616bef98901,sha256:47a47388211e0f7a2a10d73dd7dea03d2ca22a237d2e38dd328049fabcabb554
BENCH-10,exact_numeric_processing,Gemma 4 31B IT,2,True,,False,18865.694,,216,36,252,,72.5,False,True,d7701f6f-ee0f-4091-a650-d3b846d0fa54,sha256:47a47388211e0f7a2a10d73dd7dea03d2ca22a237d2e38dd328049fabcabb554
BENCH-10,exact_numeric_processing,Gemma 4 31B IT,3,True,,False,6477.741,,216,36,252,,72.5,False,True,bb6839fc-1b33-4a65-8485-a8554ac0672d,sha256:47a47388211e0f7a2a10d73dd7dea03d2ca22a237d2e38dd328049fabcabb554
BENCH-10,exact_numeric_processing,Muse Glimmer 30B,1,True,,False,5481.979,,196,213,409,,72.5,False,True,cedb0499-c236-4c2e-ae9a-ba6ecd410722,sha256:47a47388211e0f7a2a10d73dd7dea03d2ca22a237d2e38dd328049fabcabb554
BENCH-10,exact_numeric_processing,Muse Glimmer 30B,2,True,,False,16185.705,,196,213,409,,72.5,False,True,3873e745-b598-4089-9e4b-a6239a7b1834,sha256:47a47388211e0f7a2a10d73dd7dea03d2ca22a237d2e38dd328049fabcabb554
BENCH-10,exact_numeric_processing,Muse Glimmer 30B,3,True,,False,5474.455,,196,213,409,,72.5,False,True,e3bff831-4d29-448d-bd5c-cb1ce7c000e6,sha256:47a47388211e0f7a2a10d73dd7dea03d2ca22a237d2e38dd328049fabcabb554
BENCH-10,exact_numeric_processing,Nemotron 3.5 Lightning,1,True,,False,2246.113,,209,42,251,,72.5,False,True,cdafb1cc-18d7-4447-a6eb-e8be9d8e9965,sha256:142b1cc1492fdf584d2d411c48c1f20f40b553a9e1bdf98e0881dadca6e5c042
BENCH-10,exact_numeric_processing,Nemotron 3.5 Lightning,2,True,,False,103760.252,,209,40,249,,72.5,False,True,313f4e50-f68a-46d2-9ba5-949a8c7a8c38,sha256:cc8721f6e0becc6ead261ccb77cb9b682e8426c781d8b922027c3138639670db
BENCH-10,exact_numeric_processing,Nemotron 3.5 Lightning,3,True,,False,1010.87,,209,40,249,,72.5,False,True,2e4a15ec-277e-4c92-b291-e1f758cff660,sha256:cc8721f6e0becc6ead261ccb77cb9b682e8426c781d8b922027c3138639670db
BENCH-11,relationship_preservation,Gemma 4 31B IT,1,True,,False,3501.372,,257,37,294,,80.0,True,True,5b88ccd2-8ff7-4365-883d-89a30f668c24,sha256:cdedf203a19d00a2b216dd137eb522db293b08b3c2d6b18d6dced3c448e9227d
BENCH-11,relationship_preservation,Gemma 4 31B IT,2,True,,False,4114.707,,257,37,294,,80.0,True,True,f4b3c703-60f0-4ae3-b0f3-0d363b05c903,sha256:cdedf203a19d00a2b216dd137eb522db293b08b3c2d6b18d6dced3c448e9227d
BENCH-11,relationship_preservation,Gemma 4 31B IT,3,True,,False,5075.92,,257,37,294,,80.0,True,True,e0f100d5-1e13-4fba-b13e-50c0b2f518bd,sha256:cdedf203a19d00a2b216dd137eb522db293b08b3c2d6b18d6dced3c448e9227d
BENCH-11,relationship_preservation,Muse Glimmer 30B,1,True,,False,14773.697,,227,208,435,,80.0,True,True,770a3144-6f01-4904-bc8c-5f16c7741b76,sha256:cdedf203a19d00a2b216dd137eb522db293b08b3c2d6b18d6dced3c448e9227d
BENCH-11,relationship_preservation,Muse Glimmer 30B,2,True,,False,14370.582,,227,208,435,,80.0,True,True,a64469f7-50b1-45f4-b15b-c2806f12aecc,sha256:cdedf203a19d00a2b216dd137eb522db293b08b3c2d6b18d6dced3c448e9227d
BENCH-11,relationship_preservation,Muse Glimmer 30B,3,True,,False,12995.548,,227,208,435,,80.0,True,True,83046ad9-64a0-4f86-aae2-addd3c201c96,sha256:cdedf203a19d00a2b216dd137eb522db293b08b3c2d6b18d6dced3c448e9227d
BENCH-11,relationship_preservation,Nemotron 3.5 Lightning,1,True,,False,1134.308,,246,40,286,,80.0,True,True,7c059f92-4865-44d4-97f2-72228ec85a68,sha256:784fbef01422a36cb527648a6444f3bb6a0de84e66fbd064466b34e33b624012
BENCH-11,relationship_preservation,Nemotron 3.5 Lightning,2,True,,False,1321.84,,246,40,286,,80.0,True,True,833f402f-0279-42c4-96eb-9ec0e03185e2,sha256:784fbef01422a36cb527648a6444f3bb6a0de84e66fbd064466b34e33b624012
BENCH-11,relationship_preservation,Nemotron 3.5 Lightning,3,True,,False,1529.309,,246,40,286,,80.0,True,True,399156cb-e3bc-480e-b78a-1c2f5b38af3a,sha256:784fbef01422a36cb527648a6444f3bb6a0de84e66fbd064466b34e33b624012
BENCH-12,relationship_preservation,Gemma 4 31B IT,1,True,,False,5260.978,,224,46,270,,86.6667,True,True,b87ffc17-b2fa-4522-86e4-ca86666ecb3c,sha256:5fa3d44435d31d129aa25b9b99ab741ff5a43ee418bb7d8bc70448aa14875c35
BENCH-12,relationship_preservation,Gemma 4 31B IT,2,True,,False,11565.321,,224,46,270,,86.6667,True,True,0a98e4f2-f5cc-46d6-b0e4-0310c73df792,sha256:5fa3d44435d31d129aa25b9b99ab741ff5a43ee418bb7d8bc70448aa14875c35
BENCH-12,relationship_preservation,Gemma 4 31B IT,3,True,,False,7965.292,,224,46,270,,86.6667,True,True,dfa59e37-1f03-47d0-b91e-c333dc7206ae,sha256:5fa3d44435d31d129aa25b9b99ab741ff5a43ee418bb7d8bc70448aa14875c35
BENCH-12,relationship_preservation,Muse Glimmer 30B,1,True,,False,17012.645,,201,286,487,,86.6667,True,True,064cd637-291b-404e-b720-4895a6a81b61,sha256:5fa3d44435d31d129aa25b9b99ab741ff5a43ee418bb7d8bc70448aa14875c35
BENCH-12,relationship_preservation,Muse Glimmer 30B,2,True,,False,31925.673,,201,278,479,,86.6667,True,True,3c29f762-5365-4274-8fac-0fcb1f151477,sha256:5fa3d44435d31d129aa25b9b99ab741ff5a43ee418bb7d8bc70448aa14875c35
BENCH-12,relationship_preservation,Muse Glimmer 30B,3,True,,False,17533.772,,201,286,487,,86.6667,True,True,2e17c356-b6e8-4571-9776-9e863827ca08,sha256:5fa3d44435d31d129aa25b9b99ab741ff5a43ee418bb7d8bc70448aa14875c35
BENCH-12,relationship_preservation,Nemotron 3.5 Lightning,1,True,,False,1304.87,,213,49,262,,86.6667,True,True,2123ca69-e5df-4120-a301-f04e91408cb1,sha256:05fee811d26b358a09305199b94d4aacd62694d960af41bca5af76baf0a7ea37
BENCH-12,relationship_preservation,Nemotron 3.5 Lightning,2,True,,False,4384.522,,213,49,262,,86.6667,True,True,b7f0b749-cd4c-4a9d-bd11-a30c1e90f074,sha256:05fee811d26b358a09305199b94d4aacd62694d960af41bca5af76baf0a7ea37
BENCH-12,relationship_preservation,Nemotron 3.5 Lightning,3,True,,False,1189.5,,213,49,262,,86.6667,True,True,fbc6c1cf-e70a-44c6-ab21-069038c9a529,sha256:05fee811d26b358a09305199b94d4aacd62694d960af41bca5af76baf0a7ea37
BENCH-13,relationship_preservation,Gemma 4 31B IT,1,True,,False,5326.276,,247,37,284,,80.0,True,True,892e60ec-0a2d-476d-a5bd-882ee07c5fc8,sha256:7c8f2649f284bb0500ea4e88bf7b9cb5aef7bf4b3efa92484d8aed31e59f4ce7
BENCH-13,relationship_preservation,Gemma 4 31B IT,2,True,,False,2993.182,,247,37,284,,80.0,True,True,50f166b7-0cac-40d2-955d-76dc592cc88e,sha256:7c8f2649f284bb0500ea4e88bf7b9cb5aef7bf4b3efa92484d8aed31e59f4ce7
BENCH-13,relationship_preservation,Gemma 4 31B IT,3,True,,False,4608.384,,247,37,284,,80.0,True,True,bce18c53-e806-41ed-8b90-b6ca981bb560,sha256:7c8f2649f284bb0500ea4e88bf7b9cb5aef7bf4b3efa92484d8aed31e59f4ce7
BENCH-13,relationship_preservation,Muse Glimmer 30B,1,True,,False,14563.305,,223,163,386,,80.0,True,True,d42e1930-0ddc-409a-8613-1181a6618b3e,sha256:7c8f2649f284bb0500ea4e88bf7b9cb5aef7bf4b3efa92484d8aed31e59f4ce7
BENCH-13,relationship_preservation,Muse Glimmer 30B,2,True,,False,16534.522,,223,165,388,,80.0,True,True,32039314-c2bb-4f63-8b5e-3bd55b787a86,sha256:7c8f2649f284bb0500ea4e88bf7b9cb5aef7bf4b3efa92484d8aed31e59f4ce7
BENCH-13,relationship_preservation,Muse Glimmer 30B,3,True,,False,17387.661,,223,165,388,,80.0,True,True,297037ad-ba55-4402-88a9-aeaf6ff087c1,sha256:7c8f2649f284bb0500ea4e88bf7b9cb5aef7bf4b3efa92484d8aed31e59f4ce7
BENCH-13,relationship_preservation,Nemotron 3.5 Lightning,1,False,MALFORMED_RESPONSE,False,39716.819,,240,512,752,,0.0,False,False,bf402f6f-a0af-4b05-a6fa-ad0f2310e6df,sha256:f12c0175f1b198081dcd9f0448c2e61bc0ccc1d6b5d3896214deda7f70d0c5b1
BENCH-13,relationship_preservation,Nemotron 3.5 Lightning,2,False,MALFORMED_RESPONSE,False,130890.799,,240,512,752,,0.0,False,False,f0c0ecca-dbfc-4459-bf8d-3bea26a64986,sha256:5300b73e5e71f18d696716fa535b3a393c2f76df86b56c19514efaa46381463c
BENCH-13,relationship_preservation,Nemotron 3.5 Lightning,3,True,,False,962.175,,240,40,280,,80.0,True,True,6f55d1fc-0b1d-4e48-97f5-20c3710813d8,sha256:7dee5f6d961754377ca7eb7a282b5e263149781386fbf9883bd42a7f2471bb7a
BENCH-14,relationship_preservation,Gemma 4 31B IT,1,True,,False,2533.933,,253,46,299,,100.0,True,True,d252e719-471f-40fa-bb48-2d3d5e94c209,sha256:f624c47aebd8d5dedb3af32d26c5137f85b4193bcca33f58fbf1fa7a1a27fcd3
BENCH-14,relationship_preservation,Gemma 4 31B IT,2,True,,False,31970.035,,253,46,299,,100.0,True,True,59882e03-eaab-4575-8f60-b90d3352b2eb,sha256:f624c47aebd8d5dedb3af32d26c5137f85b4193bcca33f58fbf1fa7a1a27fcd3
BENCH-14,relationship_preservation,Gemma 4 31B IT,3,True,,False,2142.866,,253,46,299,,100.0,True,True,5ecedeb6-e32a-473c-90ff-fda0663dee99,sha256:f624c47aebd8d5dedb3af32d26c5137f85b4193bcca33f58fbf1fa7a1a27fcd3
BENCH-14,relationship_preservation,Muse Glimmer 30B,1,True,,False,10834.398,,222,288,510,,100.0,True,True,4b46d9eb-6c36-4acd-a8a0-f8e75d0bac86,sha256:d94afb4be59ae4e5611534f751edf42d1313382b8ce854c27dc72165a91f8463
BENCH-14,relationship_preservation,Muse Glimmer 30B,2,True,,False,9123.339,,222,287,509,,100.0,True,True,489b0a84-4cf1-474f-add3-7a7b2a2adff6,sha256:d94afb4be59ae4e5611534f751edf42d1313382b8ce854c27dc72165a91f8463
BENCH-14,relationship_preservation,Muse Glimmer 30B,3,True,,False,22819.321,,222,288,510,,100.0,True,True,7641bcef-30fa-45a9-a33d-0ffb3742ad9e,sha256:d94afb4be59ae4e5611534f751edf42d1313382b8ce854c27dc72165a91f8463
BENCH-14,relationship_preservation,Nemotron 3.5 Lightning,1,True,,False,1025.403,,244,45,289,,100.0,True,True,7f7d36f7-6735-4d67-9840-c4af4345d02b,sha256:69d5e406911a584d5313eae49c1e90a503d9d0722c3b1bb9c6226ec67c6bf338
BENCH-14,relationship_preservation,Nemotron 3.5 Lightning,2,True,,False,7802.132,,244,49,293,,100.0,True,True,89d21c33-f084-44ae-8730-67cb31e66846,sha256:62e8befcfa863edbe67a8eef5e6d7626396c6cdbd7a719ab60736e9b233f38b9
BENCH-14,relationship_preservation,Nemotron 3.5 Lightning,3,False,MALFORMED_RESPONSE,False,68722.624,,244,512,756,,0.0,False,False,d8c90970-441e-44fc-a26c-c737236e3ec9,sha256:5b13996048752792001d794182317986b7cab07c44cec719e6b5f8fd91171828
BENCH-15,relationship_preservation,Gemma 4 31B IT,1,True,,False,3951.432,,257,36,293,,100.0,True,True,ae4aa226-1351-437c-aea1-e4710c7dda78,sha256:5856b014a5e05f9c915294fabd36cdf296d8e413ff914af6273e95d74b4927b2
BENCH-15,relationship_preservation,Gemma 4 31B IT,2,True,,False,11429.54,,257,36,293,,100.0,True,True,ee37a9a6-dcf4-4c7b-bc91-82dfbe86e4af,sha256:5856b014a5e05f9c915294fabd36cdf296d8e413ff914af6273e95d74b4927b2
BENCH-15,relationship_preservation,Gemma 4 31B IT,3,True,,False,1453.854,,257,36,293,,100.0,True,True,cd756a0a-46f1-4e89-8968-dd1484b5bf05,sha256:5856b014a5e05f9c915294fabd36cdf296d8e413ff914af6273e95d74b4927b2
BENCH-15,relationship_preservation,Muse Glimmer 30B,1,True,,False,2877.188,,226,228,454,,100.0,True,True,be9725fa-4eb9-473b-9a27-9de9bf82a791,sha256:ffaefecec21ba6cc51ad7e2487afc2197e7039fbe8a9faae9551b8c7b0f7d0e1
BENCH-15,relationship_preservation,Muse Glimmer 30B,2,True,,False,7101.684,,226,228,454,,100.0,True,True,fb6fa5fb-16a3-4f2c-8941-ecc5da4e9472,sha256:ffaefecec21ba6cc51ad7e2487afc2197e7039fbe8a9faae9551b8c7b0f7d0e1
BENCH-15,relationship_preservation,Muse Glimmer 30B,3,True,,False,29186.93,,226,228,454,,100.0,True,True,cc9a68dd-9d15-44ab-9f08-64b52a2c757e,sha256:ffaefecec21ba6cc51ad7e2487afc2197e7039fbe8a9faae9551b8c7b0f7d0e1
BENCH-15,relationship_preservation,Nemotron 3.5 Lightning,1,True,,False,947.111,,244,40,284,,100.0,True,True,f5c16a6b-4242-49ce-99ec-46829fadb661,sha256:2866dfe9147ad98b7b3b0661cc516c9156731f2d1961d434db6a703ba521fb3c
BENCH-15,relationship_preservation,Nemotron 3.5 Lightning,2,True,,False,16377.602,,244,40,284,,100.0,True,True,d531a7f4-e05e-4ab6-a3c5-81758afd7fb3,sha256:2866dfe9147ad98b7b3b0661cc516c9156731f2d1961d434db6a703ba521fb3c
BENCH-15,relationship_preservation,Nemotron 3.5 Lightning,3,True,,False,65410.842,,244,40,284,,100.0,True,True,3bb65995-fe4b-4dde-b61a-41d9956df716,sha256:2866dfe9147ad98b7b3b0661cc516c9156731f2d1961d434db6a703ba521fb3c
BENCH-16,document_rag,Gemma 4 31B IT,1,True,,False,1836.735,,222,46,268,,100.0,True,True,7d229a2a-8bf6-449d-8c5c-e805716c44c9,sha256:88540f7ed99e9e218d501d62b398521afef4cceb3e2a0f503c076b1aa13a2221
BENCH-16,document_rag,Gemma 4 31B IT,2,True,,False,31004.784,,222,46,268,,100.0,True,True,8030a34d-e3c7-49df-b2dc-666701bc257e,sha256:88540f7ed99e9e218d501d62b398521afef4cceb3e2a0f503c076b1aa13a2221
BENCH-16,document_rag,Gemma 4 31B IT,3,True,,False,2572.046,,222,46,268,,100.0,True,True,b1738ba9-aaa2-4c40-8bea-b5997c50e6d5,sha256:88540f7ed99e9e218d501d62b398521afef4cceb3e2a0f503c076b1aa13a2221
BENCH-16,document_rag,Muse Glimmer 30B,1,True,,False,8752.86,,210,215,425,,100.0,True,True,8acb9e67-56e4-474c-b565-432bc15f315e,sha256:42314def012adc95f26c6f4b2591af57ebbe35a92dc9e88f8ddc59134996c808
BENCH-16,document_rag,Muse Glimmer 30B,2,True,,False,4416.152,,210,215,425,,100.0,True,True,831cf903-aa30-4919-b1ab-574c638c85cb,sha256:42314def012adc95f26c6f4b2591af57ebbe35a92dc9e88f8ddc59134996c808
BENCH-16,document_rag,Muse Glimmer 30B,3,True,,False,4444.617,,210,215,425,,100.0,True,True,1f153f6b-5dc9-47f9-b0e7-386cef1d80ed,sha256:42314def012adc95f26c6f4b2591af57ebbe35a92dc9e88f8ddc59134996c808
BENCH-16,document_rag,Nemotron 3.5 Lightning,1,True,,False,1168.992,,218,40,258,,100.0,True,True,a6054365-0c91-4616-a867-571494f47f07,sha256:42314def012adc95f26c6f4b2591af57ebbe35a92dc9e88f8ddc59134996c808
BENCH-16,document_rag,Nemotron 3.5 Lightning,2,True,,False,10343.223,,218,40,258,,100.0,True,True,4a143a85-6a15-4810-8737-fa43be3e5595,sha256:42314def012adc95f26c6f4b2591af57ebbe35a92dc9e88f8ddc59134996c808
BENCH-16,document_rag,Nemotron 3.5 Lightning,3,True,,False,63925.273,,218,41,259,,100.0,True,True,cf28d7c5-8ba9-4100-8b74-5a6ec49510e0,sha256:42314def012adc95f26c6f4b2591af57ebbe35a92dc9e88f8ddc59134996c808
BENCH-17,document_rag,Gemma 4 31B IT,1,True,,False,16329.288,,218,42,260,,100.0,True,True,f76562d0-5b47-4957-900a-f19780dd930d,sha256:1940405e0b5e6b17f96b0d8b1e50cdc55c54126a5808011989a13d2dbc0f7fac
BENCH-17,document_rag,Gemma 4 31B IT,2,True,,False,3012.264,,218,42,260,,100.0,True,True,6ae94790-892f-4836-937c-77e9cd3cfd58,sha256:1940405e0b5e6b17f96b0d8b1e50cdc55c54126a5808011989a13d2dbc0f7fac
BENCH-17,document_rag,Gemma 4 31B IT,3,True,,False,4663.257,,218,42,260,,100.0,True,True,4fee38d5-0f5a-49ca-a978-df35ce865ca9,sha256:1940405e0b5e6b17f96b0d8b1e50cdc55c54126a5808011989a13d2dbc0f7fac
BENCH-17,document_rag,Muse Glimmer 30B,1,True,,False,6923.927,,208,229,437,,100.0,True,True,f603c724-5f36-4201-8b64-e41038894adf,sha256:51f985bdec01eab2abe9795544523c858db5d818335d02eade0563e6caa7ab84
BENCH-17,document_rag,Muse Glimmer 30B,2,True,,False,7648.354,,208,229,437,,100.0,True,True,8f129d6a-3b00-4358-b38c-29eda2b6251c,sha256:51f985bdec01eab2abe9795544523c858db5d818335d02eade0563e6caa7ab84
BENCH-17,document_rag,Muse Glimmer 30B,3,True,,False,5038.276,,208,229,437,,100.0,True,True,5badc5d4-5c2a-453e-aa19-d399d1845ae7,sha256:51f985bdec01eab2abe9795544523c858db5d818335d02eade0563e6caa7ab84
BENCH-17,document_rag,Nemotron 3.5 Lightning,1,True,,False,899.14,,217,35,252,,100.0,True,True,acb12149-7512-46fb-9dc4-d210ce5ba818,sha256:29cc65f0462eee1b19b379ac52ba9bc1b695f05f21eb3d49571164ec9bb65aa9
BENCH-17,document_rag,Nemotron 3.5 Lightning,2,True,,False,1685.326,,217,49,266,,100.0,True,True,ed3cfb9a-3e70-4923-a1de-2e8700016483,sha256:7897f8db7e0ec184dca8d860e8e17ee32a46fdac61ae6ea07a70fc334fbef178
BENCH-17,document_rag,Nemotron 3.5 Lightning,3,True,,False,57858.207,,217,49,266,,100.0,True,True,26272691-f3b5-46df-99db-1a37c59aa721,sha256:7897f8db7e0ec184dca8d860e8e17ee32a46fdac61ae6ea07a70fc334fbef178
BENCH-18,document_rag,Gemma 4 31B IT,1,True,,False,10543.521,,219,35,254,,100.0,True,True,00085795-587f-44a2-b1f9-f49aa1768bb9,sha256:792a876ca797b09ecf6c9cabe9f217b75707d5e9f30e00e79c7c88701b2baa40
BENCH-18,document_rag,Gemma 4 31B IT,2,True,,False,1380.661,,219,35,254,,100.0,True,True,539baef5-b5a8-4395-ae8f-989743fe9afa,sha256:792a876ca797b09ecf6c9cabe9f217b75707d5e9f30e00e79c7c88701b2baa40
BENCH-18,document_rag,Gemma 4 31B IT,3,True,,False,11790.773,,219,35,254,,100.0,True,True,bf85c2c6-1ce4-44ca-b94f-39d8c49edf49,sha256:792a876ca797b09ecf6c9cabe9f217b75707d5e9f30e00e79c7c88701b2baa40
BENCH-18,document_rag,Muse Glimmer 30B,1,True,,False,5738.986,,207,202,409,,100.0,True,True,655244c4-f8e6-4918-98f1-7e00769dee6f,sha256:792a876ca797b09ecf6c9cabe9f217b75707d5e9f30e00e79c7c88701b2baa40
BENCH-18,document_rag,Muse Glimmer 30B,2,True,,False,6059.805,,207,189,396,,100.0,True,True,767f640c-2701-4da3-990b-c51aaee7679f,sha256:792a876ca797b09ecf6c9cabe9f217b75707d5e9f30e00e79c7c88701b2baa40
BENCH-18,document_rag,Muse Glimmer 30B,3,True,,False,16258.791,,207,202,409,,100.0,True,True,efcee4cd-5ebe-426a-8158-4e2e0b7a2100,sha256:792a876ca797b09ecf6c9cabe9f217b75707d5e9f30e00e79c7c88701b2baa40
BENCH-18,document_rag,Nemotron 3.5 Lightning,1,True,,False,1370.376,,214,43,257,,100.0,True,True,85c4e941-a595-4857-89d5-36d51ce4c253,sha256:5dfbfc58d5fe802468588971e3f171e9da93da7e3daff2e9e2219159d1d78591
BENCH-18,document_rag,Nemotron 3.5 Lightning,2,True,,False,979.338,,214,43,257,,100.0,True,True,ce33e591-b377-4e2b-9c1f-266f0ad2cef6,sha256:5dfbfc58d5fe802468588971e3f171e9da93da7e3daff2e9e2219159d1d78591
BENCH-18,document_rag,Nemotron 3.5 Lightning,3,True,,False,873.252,,214,43,257,,100.0,True,True,22daf586-3b57-4388-bd89-87d045aef7e0,sha256:5dfbfc58d5fe802468588971e3f171e9da93da7e3daff2e9e2219159d1d78591
BENCH-19,document_rag,Gemma 4 31B IT,1,True,,False,1575.514,,223,48,271,,85.0,False,True,91be6240-976c-4de7-8b51-3d68d91c84e2,sha256:d867965128da45ab9ec61d76bf27716811354008950f8c914a52ba07fbe8a34d
BENCH-19,document_rag,Gemma 4 31B IT,2,True,,False,14559.789,,223,48,271,,85.0,False,True,ddd4f03c-f0fe-4f3e-af3c-434ca0c98b2c,sha256:d867965128da45ab9ec61d76bf27716811354008950f8c914a52ba07fbe8a34d
BENCH-19,document_rag,Gemma 4 31B IT,3,True,,False,8612.024,,223,48,271,,85.0,False,True,6b68c306-e601-4a37-9a07-c994a407cae7,sha256:d867965128da45ab9ec61d76bf27716811354008950f8c914a52ba07fbe8a34d
BENCH-19,document_rag,Muse Glimmer 30B,1,True,,False,45988.827,,210,243,453,,85.0,False,True,71a74ee9-0e5c-47e7-b9b9-6b061704ec10,sha256:e6608793b36a638f4084bb03a6539c0af79a6ad4c2952098afab488a62f7516c
BENCH-19,document_rag,Muse Glimmer 30B,2,True,,False,17195.348,,210,243,453,,85.0,False,True,2f3bd80c-e782-46b2-9691-c1e6d40a4420,sha256:e6608793b36a638f4084bb03a6539c0af79a6ad4c2952098afab488a62f7516c
BENCH-19,document_rag,Muse Glimmer 30B,3,True,,False,13876.788,,210,243,453,,85.0,False,True,5e8c3eb2-1a47-453e-8120-4fab8e07313d,sha256:e6608793b36a638f4084bb03a6539c0af79a6ad4c2952098afab488a62f7516c
BENCH-19,document_rag,Nemotron 3.5 Lightning,1,True,,False,1186.796,,219,51,270,,85.0,False,True,f79f813d-33ee-4da0-ac59-e76879d9b9e8,sha256:f950a30ed5f9d14a3dab6cabc06fbf287d928abf27b1b17723d32afbfe7ed4d1
BENCH-19,document_rag,Nemotron 3.5 Lightning,2,True,,False,1203.248,,219,47,266,,85.0,False,True,f10faf5f-da91-4e04-8b95-55ad48220d55,sha256:e6608793b36a638f4084bb03a6539c0af79a6ad4c2952098afab488a62f7516c
BENCH-19,document_rag,Nemotron 3.5 Lightning,3,True,,False,1138.451,,219,51,270,,85.0,False,True,bd7ec951-66b8-47f6-95b3-b3ad2f8b83d7,sha256:f950a30ed5f9d14a3dab6cabc06fbf287d928abf27b1b17723d32afbfe7ed4d1
BENCH-20,document_rag,Gemma 4 31B IT,1,True,,False,1267.044,,219,42,261,,100.0,True,True,244bbe2c-7dc7-41b8-93f3-cfd64bee4257,sha256:136574b1d15636796f9cbfce09552ed097b41460d634ccc7f3d431a181d81c4b
BENCH-20,document_rag,Gemma 4 31B IT,2,True,,False,1253.374,,219,42,261,,100.0,True,True,74394dc7-4b0f-4d56-86f2-8e2e79e95f3f,sha256:136574b1d15636796f9cbfce09552ed097b41460d634ccc7f3d431a181d81c4b
BENCH-20,document_rag,Gemma 4 31B IT,3,True,,False,9458.719,,219,42,261,,100.0,True,True,3923cbee-40ad-4c18-bbd6-806098299691,sha256:136574b1d15636796f9cbfce09552ed097b41460d634ccc7f3d431a181d81c4b
BENCH-20,document_rag,Muse Glimmer 30B,1,True,,False,14001.951,,207,265,472,,100.0,True,True,d1d9e5df-5123-4b22-a5a2-c205b3242927,sha256:efb986bd2cf74f71aff67a9f4375a83a140bd6a3b3f400ba483c0b792934dc4a
BENCH-20,document_rag,Muse Glimmer 30B,2,True,,False,8158.657,,207,265,472,,100.0,True,True,71739445-61c1-4045-ae08-6911e9c542aa,sha256:efb986bd2cf74f71aff67a9f4375a83a140bd6a3b3f400ba483c0b792934dc4a
BENCH-20,document_rag,Muse Glimmer 30B,3,True,,False,31471.391,,207,265,472,,100.0,True,True,d393a83c-4d91-4bc8-b71b-48d9e0629692,sha256:efb986bd2cf74f71aff67a9f4375a83a140bd6a3b3f400ba483c0b792934dc4a
BENCH-20,document_rag,Nemotron 3.5 Lightning,1,True,,False,77825.229,,215,39,254,,80.0,True,True,e05bfeea-4c8c-4a1d-972d-c8acb4f14df7,sha256:7b5dfd0a4338503114e28a0d1ea7d9ad0d137c2ea637d44f57aae28aac82d7e5
BENCH-20,document_rag,Nemotron 3.5 Lightning,2,True,,False,91438.67,,215,39,254,,80.0,True,True,181641f0-bd59-4cd2-914a-c88cd5ba087f,sha256:7b5dfd0a4338503114e28a0d1ea7d9ad0d137c2ea637d44f57aae28aac82d7e5
BENCH-20,document_rag,Nemotron 3.5 Lightning,3,True,,False,1023.231,,215,35,250,,80.0,True,True,b7dce8eb-b2ec-4f7f-bfdb-f22226181e79,sha256:4a1265ed64cc82bcb0e82db3fdfc329b2b9ecffe557df5f7948f32efec3905d5
BENCH-21,composite_reasoning,Gemma 4 31B IT,1,True,,False,1550.235,,231,31,262,,58.3333,False,True,f854d87f-cfae-4180-8705-2b5a5f474b32,sha256:29393fd3e0457b92c8f1c0d14c65b80b04d956b180f81332b32d5f9fcf0e4b17
BENCH-21,composite_reasoning,Gemma 4 31B IT,2,True,,False,1096.038,,231,31,262,,58.3333,False,True,d0f7c5ab-c5de-406b-bcd9-7eca50cf2ce1,sha256:29393fd3e0457b92c8f1c0d14c65b80b04d956b180f81332b32d5f9fcf0e4b17
BENCH-21,composite_reasoning,Gemma 4 31B IT,3,True,,False,3567.773,,231,31,262,,58.3333,False,True,f7e765c0-4d0c-487d-ad1d-95d3b922d973,sha256:29393fd3e0457b92c8f1c0d14c65b80b04d956b180f81332b32d5f9fcf0e4b17
BENCH-21,composite_reasoning,Muse Glimmer 30B,1,True,,False,18394.945,,211,181,392,,58.3333,False,True,02e508c1-0803-4fe2-8e9a-3c9cfc4b215e,sha256:29393fd3e0457b92c8f1c0d14c65b80b04d956b180f81332b32d5f9fcf0e4b17
BENCH-21,composite_reasoning,Muse Glimmer 30B,2,True,,False,6595.234,,211,181,392,,58.3333,False,True,d200621e-933b-4f47-a63f-0f3f216dd72d,sha256:29393fd3e0457b92c8f1c0d14c65b80b04d956b180f81332b32d5f9fcf0e4b17
BENCH-21,composite_reasoning,Muse Glimmer 30B,3,True,,False,5164.868,,211,181,392,,58.3333,False,True,a71ab5dc-a842-4abe-b479-88ae554639d0,sha256:29393fd3e0457b92c8f1c0d14c65b80b04d956b180f81332b32d5f9fcf0e4b17
BENCH-21,composite_reasoning,Nemotron 3.5 Lightning,1,True,,False,2140.048,,225,36,261,,58.3333,False,True,a4da6834-5b06-4f5c-8740-1920f1903512,sha256:7b894663022ce7b8afc7f5914519670f55a676c4003f6ca826ae8475ee7abbc2
BENCH-21,composite_reasoning,Nemotron 3.5 Lightning,2,True,,False,48174.995,,225,36,261,,58.3333,False,True,2664fbfa-da20-417b-aa2b-b88ccf68ba7f,sha256:7b894663022ce7b8afc7f5914519670f55a676c4003f6ca826ae8475ee7abbc2
BENCH-21,composite_reasoning,Nemotron 3.5 Lightning,3,True,,False,86888.302,,225,36,261,,58.3333,False,True,052be054-85c0-4e60-ace8-c3f9ff3ea372,sha256:7b894663022ce7b8afc7f5914519670f55a676c4003f6ca826ae8475ee7abbc2
BENCH-22,composite_reasoning,Gemma 4 31B IT,1,True,,False,5986.87,,229,31,260,,58.3333,False,True,ce6109d9-88b7-499e-bb8f-cfa46fa7390a,sha256:20e4549d17be904f7f3f9606d390147d745de2ef6b7996712e93d2e6da09c559
BENCH-22,composite_reasoning,Gemma 4 31B IT,2,True,,False,5722.968,,229,31,260,,58.3333,False,True,32139285-ca4a-44ab-a85f-f861e00d67d6,sha256:20e4549d17be904f7f3f9606d390147d745de2ef6b7996712e93d2e6da09c559
BENCH-22,composite_reasoning,Gemma 4 31B IT,3,True,,False,897.172,,229,31,260,,58.3333,False,True,d295b590-45f2-4cd6-8eba-60d559ff9b1d,sha256:20e4549d17be904f7f3f9606d390147d745de2ef6b7996712e93d2e6da09c559
BENCH-22,composite_reasoning,Muse Glimmer 30B,1,True,,False,4615.528,,208,155,363,,58.3333,False,True,86d16b20-c5ad-4fe6-bbf7-060267083ac6,sha256:20e4549d17be904f7f3f9606d390147d745de2ef6b7996712e93d2e6da09c559
BENCH-22,composite_reasoning,Muse Glimmer 30B,2,True,,False,2569.77,,208,155,363,,58.3333,False,True,9c6b0fee-b8bb-4795-990a-41b69814f0b7,sha256:20e4549d17be904f7f3f9606d390147d745de2ef6b7996712e93d2e6da09c559
BENCH-22,composite_reasoning,Muse Glimmer 30B,3,True,,False,9934.927,,208,155,363,,58.3333,False,True,b71c637f-e3eb-488c-8a7a-766b378a5b99,sha256:20e4549d17be904f7f3f9606d390147d745de2ef6b7996712e93d2e6da09c559
BENCH-22,composite_reasoning,Nemotron 3.5 Lightning,1,True,,False,186279.069,,222,36,258,,58.3333,False,True,1ae4580d-78fe-41df-8c83-5cf36e283c1b,sha256:38f3e65fa5169d30e04d7f3707de01bae309797d7c67ef9744f431bb3b2515fc
BENCH-22,composite_reasoning,Nemotron 3.5 Lightning,2,True,,False,1222.36,,222,36,258,,58.3333,False,True,2c507286-2579-4932-ba05-b31e7c71329d,sha256:38f3e65fa5169d30e04d7f3707de01bae309797d7c67ef9744f431bb3b2515fc
BENCH-22,composite_reasoning,Nemotron 3.5 Lightning,3,True,,False,38214.011,,222,36,258,,58.3333,False,True,f6c5a08b-2aeb-41c9-814c-a163e77ba786,sha256:38f3e65fa5169d30e04d7f3707de01bae309797d7c67ef9744f431bb3b2515fc
BENCH-23,composite_reasoning,Gemma 4 31B IT,1,True,,False,2658.627,,215,54,269,,100.0,True,True,a3fa9e9a-37ac-46ff-af02-711f2d47573d,sha256:67d2b3fa3315d1b75b16e8f7dbd3ce2d39037646d8e6f924ed80a536e765fffc
BENCH-23,composite_reasoning,Gemma 4 31B IT,2,True,,False,9953.194,,215,55,270,,100.0,True,True,2e7b2f60-1c2a-4435-8448-883b7c61f8ea,sha256:d14d7c30fe39120288047ad1d8484b3f4b7be396de43ff48249a7a2e35470d62
BENCH-23,composite_reasoning,Gemma 4 31B IT,3,True,,False,1740.921,,215,55,270,,100.0,True,True,04f86670-158d-4ddd-8692-5648380d0b96,sha256:d14d7c30fe39120288047ad1d8484b3f4b7be396de43ff48249a7a2e35470d62
BENCH-23,composite_reasoning,Muse Glimmer 30B,1,True,,False,13578.67,,202,156,358,,100.0,True,True,9ab1a30c-730b-475b-ad74-9e50a2e6cb16,sha256:f4c05fa8e3c92cf267a9381ed9dde619d84b7f8b3dfae6f39d8e0d72fc976a9b
BENCH-23,composite_reasoning,Muse Glimmer 30B,2,True,,False,30245.692,,202,153,355,,100.0,True,True,e6af233c-c605-4f6d-adf9-564515c8edc9,sha256:0b67b7593217dd8681e9df3891ceceb9a46e7426aeb8e8720cea2ff6f6d82e50
BENCH-23,composite_reasoning,Muse Glimmer 30B,3,True,,False,14839.282,,202,153,355,,100.0,True,True,96b5a0ac-ae23-4390-a793-3eb24dc9ba93,sha256:0b67b7593217dd8681e9df3891ceceb9a46e7426aeb8e8720cea2ff6f6d82e50
BENCH-23,composite_reasoning,Nemotron 3.5 Lightning,1,True,,False,2155.976,,212,35,247,,80.0,True,True,7c3512ba-fc05-40ce-beea-a3bd46e7f9c6,sha256:85358fb94ecd28c0b825a5840f98796016dddd119a7e3876420d647c84983762
BENCH-23,composite_reasoning,Nemotron 3.5 Lightning,2,True,,False,1014.331,,212,35,247,,80.0,True,True,a883ca38-666f-4435-8ceb-e38e1d9da745,sha256:85358fb94ecd28c0b825a5840f98796016dddd119a7e3876420d647c84983762
BENCH-23,composite_reasoning,Nemotron 3.5 Lightning,3,True,,False,117041.228,,212,36,248,,80.0,True,True,e08566ab-4ec2-48e4-8447-36c4ca9139f8,sha256:85358fb94ecd28c0b825a5840f98796016dddd119a7e3876420d647c84983762
BENCH-24,composite_reasoning,Gemma 4 31B IT,1,True,,False,2558.043,,254,45,299,,100.0,True,True,cbbe0dfc-ee93-4a45-b6fc-8c8acb143a34,sha256:adb79294941a8d0d5209e5e37c5c1ece6aec0cdb84e6940f52346eac464cb5a4
BENCH-24,composite_reasoning,Gemma 4 31B IT,2,True,,False,1652.854,,254,45,299,,100.0,True,True,acbfc1df-9ffd-44a2-a976-ab1084632df4,sha256:adb79294941a8d0d5209e5e37c5c1ece6aec0cdb84e6940f52346eac464cb5a4
BENCH-24,composite_reasoning,Gemma 4 31B IT,3,True,,False,2651.257,,254,45,299,,100.0,True,True,9d68faa2-126f-4bb0-8e55-2c45f8f0bc85,sha256:adb79294941a8d0d5209e5e37c5c1ece6aec0cdb84e6940f52346eac464cb5a4
BENCH-24,composite_reasoning,Muse Glimmer 30B,1,True,,False,26210.021,,229,295,524,,80.0,True,True,a291d1bc-c9e9-4c32-abd2-8114b952bbc0,sha256:b6573b9abe1393ca2ea6bdabfe5aaa3adcd2719ffc382a5d8b4faac7863aa962
BENCH-24,composite_reasoning,Muse Glimmer 30B,2,True,,False,15650.338,,229,295,524,,80.0,True,True,8b017b76-c74a-4182-aeb8-336f8e9f84ae,sha256:b6573b9abe1393ca2ea6bdabfe5aaa3adcd2719ffc382a5d8b4faac7863aa962
BENCH-24,composite_reasoning,Muse Glimmer 30B,3,True,,False,13235.183,,229,295,524,,80.0,True,True,5d5a4bfd-1e9b-4daa-b61b-2aa9d1176812,sha256:b6573b9abe1393ca2ea6bdabfe5aaa3adcd2719ffc382a5d8b4faac7863aa962
BENCH-24,composite_reasoning,Nemotron 3.5 Lightning,1,True,,False,969.728,,246,44,290,,100.0,True,True,6edaea83-ccab-4445-a8b6-21e80e1f04ee,sha256:adb79294941a8d0d5209e5e37c5c1ece6aec0cdb84e6940f52346eac464cb5a4
BENCH-24,composite_reasoning,Nemotron 3.5 Lightning,2,True,,False,55027.024,,246,40,286,,65.0,False,True,b6b6b26e-af4f-457e-b605-d1ef6b648d94,sha256:8198de5edd321e28c62b524f76d6806962ad11716e348b76d6d01f97ef2b297f
BENCH-24,composite_reasoning,Nemotron 3.5 Lightning,3,True,,False,48957.519,,246,40,286,,65.0,False,True,71cf6cb5-234e-4982-9269-d98db6ae546a,sha256:8198de5edd321e28c62b524f76d6806962ad11716e348b76d6d01f97ef2b297f
BENCH-25,composite_reasoning,Gemma 4 31B IT,1,True,,False,4558.852,,195,31,226,,100.0,True,True,39c31fad-a0a8-4d5f-a310-8aceb2f94a39,sha256:c718adfd78ea76c018574b07faca8b76996cfec7dffdd52b971097d9cf5ca73a
BENCH-25,composite_reasoning,Gemma 4 31B IT,2,True,,False,2887.829,,195,31,226,,100.0,True,True,096337c6-22d7-441e-b743-f26a63ced86d,sha256:c718adfd78ea76c018574b07faca8b76996cfec7dffdd52b971097d9cf5ca73a
BENCH-25,composite_reasoning,Gemma 4 31B IT,3,True,,False,10342.757,,195,31,226,,100.0,True,True,7f8a81e7-e105-4205-a446-4af843e51808,sha256:c718adfd78ea76c018574b07faca8b76996cfec7dffdd52b971097d9cf5ca73a
BENCH-25,composite_reasoning,Muse Glimmer 30B,1,True,,False,12091.203,,190,178,368,,100.0,True,True,b9bad09e-11f2-4858-b13e-4b352fcdda4f,sha256:c718adfd78ea76c018574b07faca8b76996cfec7dffdd52b971097d9cf5ca73a
BENCH-25,composite_reasoning,Muse Glimmer 30B,2,True,,False,20476.526,,190,178,368,,100.0,True,True,de18bac6-8011-4a34-ad8c-be737e5d0f62,sha256:c718adfd78ea76c018574b07faca8b76996cfec7dffdd52b971097d9cf5ca73a
BENCH-25,composite_reasoning,Muse Glimmer 30B,3,True,,False,13860.949,,190,160,350,,100.0,True,True,c73c97f4-87a4-4470-86fd-de1d201ed215,sha256:c718adfd78ea76c018574b07faca8b76996cfec7dffdd52b971097d9cf5ca73a
BENCH-25,composite_reasoning,Nemotron 3.5 Lightning,1,True,,False,38623.06,,202,36,238,,100.0,True,True,de1cf0fc-4307-4fd4-bb22-ab933258d277,sha256:57c90d5571a9c88516c5b6816a6c10f6aa3ac69074884a9adf4b1307c2747409
BENCH-25,composite_reasoning,Nemotron 3.5 Lightning,2,True,,False,1173.931,,202,37,239,,100.0,True,True,d3e32901-5bdd-45a0-b0dd-17e38601ec3e,sha256:57c90d5571a9c88516c5b6816a6c10f6aa3ac69074884a9adf4b1307c2747409
BENCH-25,composite_reasoning,Nemotron 3.5 Lightning,3,False,MALFORMED_RESPONSE,False,115074.146,,202,512,714,,0.0,False,False,fa12b4b6-3ad8-43b7-8e90-54d40c9bf652,sha256:7480f186be99af38a0cfa06e53039f315e74243214c3777b34c789d7d8aab70c
BENCH-26,policy_format_compliance,Gemma 4 31B IT,1,True,,False,10767.289,,197,34,231,,100.0,True,True,5650fcab-3816-4648-804f-bcd9d62c00dd,sha256:8dbac68a170a5e8e0c7dfcac24e9b2a38baf7bd080585750390233e7430e334a
BENCH-26,policy_format_compliance,Gemma 4 31B IT,2,True,,False,1015.687,,197,34,231,,100.0,True,True,140de6b3-46fb-4626-83d3-635b4a6cd4db,sha256:8dbac68a170a5e8e0c7dfcac24e9b2a38baf7bd080585750390233e7430e334a
BENCH-26,policy_format_compliance,Gemma 4 31B IT,3,True,,False,1901.825,,197,34,231,,100.0,True,True,d51f6e3e-4919-4d41-912d-57619f039568,sha256:8dbac68a170a5e8e0c7dfcac24e9b2a38baf7bd080585750390233e7430e334a
BENCH-26,policy_format_compliance,Muse Glimmer 30B,1,True,,False,5332.096,,184,185,369,,100.0,True,True,f666da44-9f82-4c1b-a7e5-d8630dc45733,sha256:8dbac68a170a5e8e0c7dfcac24e9b2a38baf7bd080585750390233e7430e334a
BENCH-26,policy_format_compliance,Muse Glimmer 30B,2,True,,False,1572.282,,184,185,369,,100.0,True,True,ec3edab2-f7d8-4893-bbbe-95fd384899de,sha256:8dbac68a170a5e8e0c7dfcac24e9b2a38baf7bd080585750390233e7430e334a
BENCH-26,policy_format_compliance,Muse Glimmer 30B,3,True,,False,1371.534,,184,185,369,,100.0,True,True,7aeb1138-83e2-4a78-9e4b-60a6449c8282,sha256:8dbac68a170a5e8e0c7dfcac24e9b2a38baf7bd080585750390233e7430e334a
BENCH-26,policy_format_compliance,Nemotron 3.5 Lightning,1,True,,False,939.804,,190,37,227,,100.0,True,True,efb7929d-6c53-4ad5-8771-4f98e54fa114,sha256:71ab7e0363505f2644b31f15ff84d2e87a59f2419fe97af661ff05605b69ef5f
BENCH-26,policy_format_compliance,Nemotron 3.5 Lightning,2,True,,False,1048.069,,190,37,227,,100.0,True,True,8bcdce24-d4f5-4a2a-88a5-1c6e1962d255,sha256:71ab7e0363505f2644b31f15ff84d2e87a59f2419fe97af661ff05605b69ef5f
BENCH-26,policy_format_compliance,Nemotron 3.5 Lightning,3,True,,False,932.902,,190,37,227,,100.0,True,True,f10eb71a-099c-4eb8-ac54-aead88cc0a4b,sha256:71ab7e0363505f2644b31f15ff84d2e87a59f2419fe97af661ff05605b69ef5f
BENCH-27,policy_format_compliance,Gemma 4 31B IT,1,True,,False,1636.429,,204,28,232,,80.0,False,True,8e579a29-eedd-4732-9a3c-048eacdffd6a,sha256:f2695950e9960915270db1833bb3a8ded788274c74b515f2502b89aac5317cf7
BENCH-27,policy_format_compliance,Gemma 4 31B IT,2,True,,False,1676.251,,204,28,232,,80.0,False,True,1fed0612-4242-4025-8c2e-8263182e6a95,sha256:f2695950e9960915270db1833bb3a8ded788274c74b515f2502b89aac5317cf7
BENCH-27,policy_format_compliance,Gemma 4 31B IT,3,True,,False,2208.323,,204,28,232,,80.0,False,True,9b55a389-b10f-4eab-8589-c2223651b755,sha256:f2695950e9960915270db1833bb3a8ded788274c74b515f2502b89aac5317cf7
BENCH-27,policy_format_compliance,Muse Glimmer 30B,1,True,,False,1051.823,,189,206,395,,100.0,True,True,73db1191-104b-40f4-b45b-29a3db5d9782,sha256:417d546317de6c69c3ca844428842e4e283e2213e3519d0820096d65568f814b
BENCH-27,policy_format_compliance,Muse Glimmer 30B,2,True,,False,4160.457,,189,206,395,,100.0,True,True,a9fdfd5e-6027-48bd-b895-50d9754c56f3,sha256:417d546317de6c69c3ca844428842e4e283e2213e3519d0820096d65568f814b
BENCH-27,policy_format_compliance,Muse Glimmer 30B,3,True,,False,11009.033,,189,206,395,,100.0,True,True,15487a70-5ae7-4ed7-81a7-512d93ec4634,sha256:417d546317de6c69c3ca844428842e4e283e2213e3519d0820096d65568f814b
BENCH-27,policy_format_compliance,Nemotron 3.5 Lightning,1,True,,False,956.882,,197,38,235,,100.0,True,True,17183839-a92d-4935-af81-9417836f6ab4,sha256:692d0fd7e4d06df8ff6427872ab66717e4c15cb664f6823ec5b4587b8e5ba5e6
BENCH-27,policy_format_compliance,Nemotron 3.5 Lightning,2,True,,False,996.532,,197,38,235,,100.0,True,True,629f365c-7568-4597-aad0-92977989955b,sha256:692d0fd7e4d06df8ff6427872ab66717e4c15cb664f6823ec5b4587b8e5ba5e6
BENCH-27,policy_format_compliance,Nemotron 3.5 Lightning,3,True,,False,1275.282,,197,38,235,,100.0,True,True,6cbbdbfc-e584-404e-ba2e-08dd754019d2,sha256:692d0fd7e4d06df8ff6427872ab66717e4c15cb664f6823ec5b4587b8e5ba5e6
BENCH-28,policy_format_compliance,Gemma 4 31B IT,1,True,,False,1684.182,,206,37,243,,100.0,True,True,7705c94c-ff9a-4fef-9763-cd90f02da659,sha256:627bd026d9d223488106eed02048a8f1e61d4f616784ceedb569008287985d02
BENCH-28,policy_format_compliance,Gemma 4 31B IT,2,True,,False,3538.637,,206,45,251,,100.0,True,True,370b34bd-1d28-4068-8034-55c45c38b18d,sha256:c4de2c309d90257c0137dead1aa8f42a73f9797a38d9afdbf858a4842363551f
BENCH-28,policy_format_compliance,Gemma 4 31B IT,3,True,,False,4290.413,,206,37,243,,100.0,True,True,2ccbb902-58f7-47b5-8d58-ee97172db964,sha256:627bd026d9d223488106eed02048a8f1e61d4f616784ceedb569008287985d02
BENCH-28,policy_format_compliance,Muse Glimmer 30B,1,True,,False,13423.51,,189,240,429,,100.0,True,True,272612bb-7415-4b1a-b8ff-e9fc8eec68c5,sha256:627bd026d9d223488106eed02048a8f1e61d4f616784ceedb569008287985d02
BENCH-28,policy_format_compliance,Muse Glimmer 30B,2,True,,False,7724.793,,189,233,422,,100.0,True,True,d8f6509b-af6d-4e77-8d25-eac0ddfa3f5d,sha256:627bd026d9d223488106eed02048a8f1e61d4f616784ceedb569008287985d02
BENCH-28,policy_format_compliance,Muse Glimmer 30B,3,True,,False,12992.872,,189,240,429,,100.0,True,True,c6a82088-da81-43dc-b9d6-697679c746b7,sha256:627bd026d9d223488106eed02048a8f1e61d4f616784ceedb569008287985d02
BENCH-28,policy_format_compliance,Nemotron 3.5 Lightning,1,True,,False,1026.998,,197,39,236,,100.0,True,True,d8749aee-b407-4f49-94e2-49d65a14ec14,sha256:bf5b766c9b17ebfb70539f6ca8efa5dd1134630fca39521486fb90ab165e0a64
BENCH-28,policy_format_compliance,Nemotron 3.5 Lightning,2,True,,False,1172.033,,197,40,237,,100.0,True,True,29f8229a-53f0-4e8b-abe0-eea3ffbf40e7,sha256:bf5b766c9b17ebfb70539f6ca8efa5dd1134630fca39521486fb90ab165e0a64
BENCH-28,policy_format_compliance,Nemotron 3.5 Lightning,3,True,,False,1227.349,,197,39,236,,100.0,True,True,b0946ca6-5ba4-47dc-bda8-fa8c6059854e,sha256:bf5b766c9b17ebfb70539f6ca8efa5dd1134630fca39521486fb90ab165e0a64
BENCH-29,policy_format_compliance,Gemma 4 31B IT,1,True,,False,853.208,,192,26,218,,60.0,False,True,585ba11c-05d2-42b3-8a08-dc92e8b6557f,sha256:c8f1ce9531d7dab81f4ffc6418d0c2845681ce20ce77755132a1b6a75ef38cae
BENCH-29,policy_format_compliance,Gemma 4 31B IT,2,True,,False,1938.554,,192,26,218,,60.0,False,True,1ad9d3f2-1c84-4da8-af54-7ae459b55497,sha256:c8f1ce9531d7dab81f4ffc6418d0c2845681ce20ce77755132a1b6a75ef38cae
BENCH-29,policy_format_compliance,Gemma 4 31B IT,3,True,,False,37365.277,,192,26,218,,60.0,False,True,21de8176-e042-477a-b465-d1f2455b6ffd,sha256:c8f1ce9531d7dab81f4ffc6418d0c2845681ce20ce77755132a1b6a75ef38cae
BENCH-29,policy_format_compliance,Muse Glimmer 30B,1,True,,False,2941.503,,181,192,373,,80.0,True,True,61dc6b0d-d1c2-4b37-8e82-10d32bb68703,sha256:70ae40972102cdbe4772311601bcb89b94e6cda6aa0f4f9a410bd1873b101563
BENCH-29,policy_format_compliance,Muse Glimmer 30B,2,True,,False,8326.937,,181,192,373,,80.0,True,True,0042836b-fbec-4dbd-8134-4cab66ff0e87,sha256:70ae40972102cdbe4772311601bcb89b94e6cda6aa0f4f9a410bd1873b101563
BENCH-29,policy_format_compliance,Muse Glimmer 30B,3,True,,False,12187.664,,181,192,373,,80.0,True,True,92ac4cc2-2e8d-43d6-8402-4df36736e096,sha256:70ae40972102cdbe4772311601bcb89b94e6cda6aa0f4f9a410bd1873b101563
BENCH-29,policy_format_compliance,Nemotron 3.5 Lightning,1,True,,False,921.364,,189,36,225,,80.0,True,True,8fb32d0e-7791-4805-b1d6-5b9327a1c05f,sha256:65133a1c8865ca14690708ab50bac8462c337f30d46563f80577911dda0db9e7
BENCH-29,policy_format_compliance,Nemotron 3.5 Lightning,2,True,,False,1101.975,,189,36,225,,80.0,True,True,c87d3d85-4121-45c0-921c-4c3ad0a70aa8,sha256:65133a1c8865ca14690708ab50bac8462c337f30d46563f80577911dda0db9e7
BENCH-29,policy_format_compliance,Nemotron 3.5 Lightning,3,False,MALFORMED_RESPONSE,False,57004.071,,189,512,701,,0.0,False,False,d319468d-e624-4ea9-ac0c-98c7a2704086,sha256:2173109de5942d063c01e919b42215db05c15999df57fc394a7b486e8386aba7
BENCH-30,policy_format_compliance,Gemma 4 31B IT,1,True,,False,5587.186,,208,35,243,,100.0,True,True,d7b084bd-e548-4234-992f-1c3031004f07,sha256:34c873080b86fb0c7809a07b0e3c8f06bfc8220281943334d63cd1bae68f6737
BENCH-30,policy_format_compliance,Gemma 4 31B IT,2,True,,False,8213.862,,208,35,243,,100.0,True,True,77db6865-35a4-4f79-a347-721cdd7069af,sha256:34c873080b86fb0c7809a07b0e3c8f06bfc8220281943334d63cd1bae68f6737
BENCH-30,policy_format_compliance,Gemma 4 31B IT,3,True,,False,15773.038,,208,35,243,,100.0,True,True,7e24a591-89ae-449c-b4b5-c7e5b9973fac,sha256:34c873080b86fb0c7809a07b0e3c8f06bfc8220281943334d63cd1bae68f6737
BENCH-30,policy_format_compliance,Muse Glimmer 30B,1,True,,False,2287.018,,194,218,412,,100.0,True,True,8e836958-898f-4078-a015-4665da1a3cbc,sha256:34c873080b86fb0c7809a07b0e3c8f06bfc8220281943334d63cd1bae68f6737
BENCH-30,policy_format_compliance,Muse Glimmer 30B,2,True,,False,9655.418,,194,218,412,,100.0,True,True,78d6ffd9-cff3-4cb8-8ca6-033a01c2b012,sha256:34c873080b86fb0c7809a07b0e3c8f06bfc8220281943334d63cd1bae68f6737
BENCH-30,policy_format_compliance,Muse Glimmer 30B,3,True,,False,13378.997,,194,218,412,,100.0,True,True,86dab685-8a33-45c7-91b2-9b672caacdd0,sha256:34c873080b86fb0c7809a07b0e3c8f06bfc8220281943334d63cd1bae68f6737
BENCH-30,policy_format_compliance,Nemotron 3.5 Lightning,1,True,,False,74355.96,,201,38,239,,100.0,True,True,4129ac71-4eca-4805-834a-671ade8003e3,sha256:c7b1b1e164e9bb31cb3dda4e02277a1952ee931cdf4e3459462fe7f698eaf1f8
BENCH-30,policy_format_compliance,Nemotron 3.5 Lightning,2,True,,False,4631.441,,201,38,239,,100.0,True,True,cb41884d-3f8e-4e2c-b7db-e12c895d46d0,sha256:c7b1b1e164e9bb31cb3dda4e02277a1952ee931cdf4e3459462fe7f698eaf1f8
BENCH-30,policy_format_compliance,Nemotron 3.5 Lightning,3,False,MALFORMED_RESPONSE,False,120898.079,,201,512,713,,0.0,False,False,9d646554-354d-4926-ad8f-ea62c67db733,sha256:f6c78c124de56482630f7321f3f1b978a845b25bd27129fe2ccf2ad07cb5b164
