transfer_id,originator_id,beneficiary_id,originator_address,beneficiary_address,kyc_status,counterparty_vasp_status,approved_asset,approved_amount_limit,approved_destination,approved_period_start,approved_period_end,requested_asset,requested_amount,requested_destination,requested_at,transaction_identifier,execution_status,actual_distribution_basis,actual_rating_proxy,baseline_policy_decision
DA-V2-00001,OTC-SRC-6,OTC-DST-2,,,PENDING,UNKNOWN,BTC,10000,KR-VASP-A,2026-01-01T00:00:00+00:00,2026-01-15T23:59:59+00:00,UNAPPROVED_TOKEN,36.0,UNKNOWN_VASP,2026-02-14T00:00:00+00:00,DERIVED-OTC-00001,PENDING_RESULT,SNAP_BITCOIN_OTC,4,REVIEW
DA-V2-00002,OTC-SRC-1,OTC-DST-41,,,VERIFIED,VERIFIED,ETH,2500,KR-VASP-B,2026-01-01T00:00:00+00:00,2026-12-31T23:59:59+00:00,ETH,63.0,KR-VASP-B,2026-02-20T00:17:00+00:00,DERIVED-OTC-00002,EXECUTED,SNAP_BITCOIN_OTC,1,PASS
DA-V2-00003,OTC-SRC-61,OTC-DST-95,,,VERIFIED,VERIFIED,USDT,5000,GLOBAL-VASP-C,2026-01-01T00:00:00+00:00,2026-12-31T23:59:59+00:00,USDT,115.5,GLOBAL-VASP-C,2026-03-11T00:34:00+00:00,DERIVED-OTC-00003,EXECUTED,SNAP_BITCOIN_OTC,1,PASS
DA-V2-00004,OTC-SRC-41,OTC-DST-23,,,VERIFIED,VERIFIED,USDC,500,KR-VASP-A,2026-01-01T00:00:00+00:00,2026-12-31T23:59:59+00:00,USDC,264.0,KR-VASP-A,2026-03-22T00:51:00+00:00,DERIVED-OTC-00004,EXECUTED,SNAP_BITCOIN_OTC,2,PASS
DA-V2-00005,OTC-SRC-108,OTC-DST-81,,,VERIFIED,VERIFIED,BTC,1000,KR-VASP-B,2026-01-01T00:00:00+00:00,2026-12-31T23:59:59+00:00,BTC,572.0,KR-VASP-B,2026-04-05T01:08:00+00:00,DERIVED-OTC-00005,EXECUTED,SNAP_BITCOIN_OTC,2,PASS
DA-V2-00006,OTC-SRC-77,OTC-DST-166,,,VERIFIED,VERIFIED,ETH,1000,GLOBAL-VASP-C,2026-01-01T00:00:00+00:00,2026-12-31T23:59:59+00:00,ETH,1018.5,GLOBAL-VASP-C,2026-04-13T01:25:00+00:00,DERIVED-OTC-00006,EXECUTED,SNAP_BITCOIN_OTC,1,BLOCK
DA-V2-00007,OTC-SRC-64,OTC-DST-7,,,VERIFIED,VERIFIED,USDT,10000,KR-VASP-A,2026-01-01T00:00:00+00:00,2026-12-31T23:59:59+00:00,USDT,2415.0,KR-VASP-A,2026-04-21T01:42:00+00:00,DERIVED-OTC-00007,EXECUTED,SNAP_BITCOIN_OTC,3,PASS
DA-V2-00008,OTC-SRC-154,OTC-DST-153,,,VERIFIED,VERIFIED,USDC,5000,KR-VASP-B,2026-01-01T00:00:00+00:00,2026-12-31T23:59:59+00:00,USDC,4725.0,KR-VASP-B,2026-05-02T01:59:00+00:00,DERIVED-OTC-00008,PENDING_RESULT,SNAP_BITCOIN_OTC,1,PASS
DA-V2-00009,OTC-SRC-80,OTC-DST-62,,,VERIFIED,VERIFIED,BTC,500,GLOBAL-VASP-C,2026-01-01T00:00:00+00:00,2026-12-31T23:59:59+00:00,BTC,9900.0,GLOBAL-VASP-C,2026-05-10T02:16:00+00:00,DERIVED-OTC-00009,EXECUTED,SNAP_BITCOIN_OTC,2,BLOCK
DA-V2-00010,OTC-SRC-180,OTC-DST-1,,,PENDING,VERIFIED,ETH,500,KR-VASP-A,2026-01-01T00:00:00+00:00,2026-12-31T23:59:59+00:00,ETH,18900.0,KR-VASP-A,2026-05-13T02:33:00+00:00,DERIVED-OTC-00010,EXECUTED,SNAP_BITCOIN_OTC,1,REVIEW
DA-V2-00011,OTC-SRC-191,OTC-DST-29,,,VERIFIED,VERIFIED,USDT,1000,KR-VASP-B,2026-01-01T00:00:00+00:00,2026-12-31T23:59:59+00:00,USDT,31.5,KR-VASP-B,2026-05-19T02:50:00+00:00,DERIVED-OTC-00011,EXECUTED,SNAP_BITCOIN_OTC,1,PASS
DA-V2-00012,OTC-SRC-75,OTC-DST-308,,,VERIFIED,VERIFIED,USDC,2500,GLOBAL-VASP-C,2026-01-01T00:00:00+00:00,2026-12-31T23:59:59+00:00,UNAPPROVED_TOKEN,63.0,GLOBAL-VASP-C,2026-05-23T03:07:00+00:00,DERIVED-OTC-00012,EXECUTED,SNAP_BITCOIN_OTC,1,BLOCK
DA-V2-00013,OTC-SRC-216,OTC-DST-202,,,VERIFIED,VERIFIED,BTC,500,KR-VASP-A,2026-01-01T00:00:00+00:00,2026-12-31T23:59:59+00:00,BTC,126.5,KR-VASP-A,2026-05-26T03:24:00+00:00,DERIVED-OTC-00013,EXECUTED,SNAP_BITCOIN_OTC,3,PASS
DA-V2-00014,OTC-SRC-222,OTC-DST-139,,,VERIFIED,UNKNOWN,ETH,10000,KR-VASP-B,2026-01-01T00:00:00+00:00,2026-12-31T23:59:59+00:00,ETH,252.0,UNKNOWN_VASP,2026-05-29T03:41:00+00:00,DERIVED-OTC-00014,EXECUTED,SNAP_BITCOIN_OTC,1,REVIEW
DA-V2-00015,OTC-SRC-80,OTC-DST-372,,,VERIFIED,VERIFIED,USDT,500,GLOBAL-VASP-C,2026-01-01T00:00:00+00:00,2026-12-31T23:59:59+00:00,USDT,546.0,GLOBAL-VASP-C,2026-06-02T03:58:00+00:00,DERIVED-OTC-00015,PENDING_RESULT,SNAP_BITCOIN_OTC,1,BLOCK
DA-V2-00016,OTC-SRC-64,OTC-DST-7,,,VERIFIED,VERIFIED,USDC,1000,KR-VASP-A,2026-01-01T00:00:00+00:00,2026-12-31T23:59:59+00:00,USDC,1018.5,KR-VASP-A,2026-06-05T04:15:00+00:00,DERIVED-OTC-00016,EXECUTED,SNAP_BITCOIN_OTC,1,BLOCK
DA-V2-00017,OTC-SRC-271,OTC-DST-410,,,VERIFIED,VERIFIED,BTC,2500,KR-VASP-B,2026-01-01T00:00:00+00:00,2026-12-31T23:59:59+00:00,BTC,2205.0,KR-VASP-B,2026-06-08T04:32:00+00:00,DERIVED-OTC-00017,EXECUTED,SNAP_BITCOIN_OTC,1,PASS
DA-V2-00018,OTC-SRC-256,OTC-DST-449,,,VERIFIED,VERIFIED,ETH,5000,GLOBAL-VASP-C,2026-01-01T00:00:00+00:00,2026-01-15T23:59:59+00:00,ETH,4725.0,GLOBAL-VASP-C,2026-06-11T04:49:00+00:00,DERIVED-OTC-00018,EXECUTED,SNAP_BITCOIN_OTC,1,PASS
DA-V2-00019,OTC-SRC-301,OTC-DST-470,,,PENDING,VERIFIED,USDT,500,KR-VASP-A,2026-01-01T00:00:00+00:00,2026-12-31T23:59:59+00:00,USDT,9900.0,KR-VASP-A,2026-06-18T05:06:00+00:00,DERIVED-OTC-00019,EXECUTED,SNAP_BITCOIN_OTC,2,REVIEW
DA-V2-00020,OTC-SRC-202,OTC-DST-399,,,VERIFIED,VERIFIED,USDC,1000,KR-VASP-B,2026-01-01T00:00:00+00:00,2026-12-31T23:59:59+00:00,USDC,19800.0,KR-VASP-B,2026-06-24T05:23:00+00:00,DERIVED-OTC-00020,EXECUTED,SNAP_BITCOIN_OTC,2,BLOCK
DA-V2-00021,OTC-SRC-7,OTC-DST-144,,,VERIFIED,VERIFIED,BTC,1000,GLOBAL-VASP-C,2026-01-01T00:00:00+00:00,2026-12-31T23:59:59+00:00,BTC,31.5,GLOBAL-VASP-C,2026-01-01T05:40:00+00:00,DERIVED-OTC-00021,EXECUTED,SNAP_BITCOIN_OTC,1,PASS
DA-V2-00022,OTC-SRC-251,OTC-DST-510,,,VERIFIED,VERIFIED,ETH,1000,KR-VASP-A,2026-01-01T00:00:00+00:00,2026-12-31T23:59:59+00:00,ETH,75.0,KR-VASP-A,2026-01-05T05:57:00+00:00,DERIVED-OTC-00022,PENDING_RESULT,SNAP_BITCOIN_OTC,5,PASS
DA-V2-00023,OTC-SRC-135,OTC-DST-521,,,VERIFIED,VERIFIED,USDT,10000,KR-VASP-B,2026-01-01T00:00:00+00:00,2026-12-31T23:59:59+00:00,UNAPPROVED_TOKEN,121.0,KR-VASP-B,2026-01-09T06:14:00+00:00,DERIVED-OTC-00023,EXECUTED,SNAP_BITCOIN_OTC,2,BLOCK
DA-V2-00024,OTC-SRC-202,OTC-DST-360,,,VERIFIED,VERIFIED,USDC,10000,GLOBAL-VASP-C,2026-01-01T00:00:00+00:00,2026-12-31T23:59:59+00:00,USDC,252.0,GLOBAL-VASP-C,2026-01-12T06:31:00+00:00,DERIVED-OTC-00024,EXECUTED,SNAP_BITCOIN_OTC,1,PASS
DA-V2-00025,OTC-SRC-330,OTC-DST-547,,,VERIFIED,VERIFIED,BTC,500,KR-VASP-A,2026-01-01T00:00:00+00:00,2026-12-31T23:59:59+00:00,BTC,546.0,KR-VASP-A,2026-01-13T06:48:00+00:00,DERIVED-OTC-00025,EXECUTED,SNAP_BITCOIN_OTC,1,BLOCK
DA-V2-00026,OTC-SRC-393,OTC-DST-269,,,VERIFIED,VERIFIED,ETH,1000,KR-VASP-B,2026-01-01T00:00:00+00:00,2026-12-31T23:59:59+00:00,ETH,1018.5,KR-VASP-B,2026-01-16T07:05:00+00:00,DERIVED-OTC-00026,EXECUTED,SNAP_BITCOIN_OTC,1,BLOCK
DA-V2-00027,OTC-SRC-215,OTC-DST-596,,,VERIFIED,UNKNOWN,USDT,10000,GLOBAL-VASP-C,2026-01-01T00:00:00+00:00,2026-12-31T23:59:59+00:00,USDT,2415.0,UNKNOWN_VASP,2026-01-19T07:22:00+00:00,DERIVED-OTC-00027,EXECUTED,SNAP_BITCOIN_OTC,3,REVIEW
DA-V2-00028,OTC-SRC-423,OTC-DST-374,,,PENDING,VERIFIED,USDC,500,KR-VASP-A,2026-01-01T00:00:00+00:00,2026-12-31T23:59:59+00:00,USDC,5175.0,KR-VASP-A,2026-01-21T07:39:00+00:00,DERIVED-OTC-00028,EXECUTED,SNAP_BITCOIN_OTC,3,REVIEW
DA-V2-00029,OTC-SRC-444,OTC-DST-468,,,VERIFIED,VERIFIED,BTC,10000,KR-VASP-B,2026-01-01T00:00:00+00:00,2026-12-31T23:59:59+00:00,BTC,9450.0,KR-VASP-B,2026-01-23T07:56:00+00:00,DERIVED-OTC-00029,PENDING_RESULT,SNAP_BITCOIN_OTC,1,PASS
DA-V2-00030,OTC-SRC-451,OTC-DST-436,,,VERIFIED,VERIFIED,ETH,500,GLOBAL-VASP-C,2026-01-01T00:00:00+00:00,2026-12-31T23:59:59+00:00,ETH,18900.0,GLOBAL-VASP-C,2026-01-24T08:13:00+00:00,DERIVED-OTC-00030,EXECUTED,SNAP_BITCOIN_OTC,1,BLOCK
DA-V2-00031,OTC-SRC-408,OTC-DST-674,,,VERIFIED,VERIFIED,USDT,1000,KR-VASP-A,2026-01-01T00:00:00+00:00,2026-12-31T23:59:59+00:00,USDT,39.0,KR-VASP-A,2026-01-26T08:30:00+00:00,DERIVED-OTC-00031,EXECUTED,SNAP_BITCOIN_OTC,6,PASS
DA-V2-00032,OTC-SRC-393,OTC-DST-319,,,VERIFIED,VERIFIED,USDC,2500,KR-VASP-B,2026-01-01T00:00:00+00:00,2026-12-31T23:59:59+00:00,USDC,63.0,KR-VASP-B,2026-01-27T08:47:00+00:00,DERIVED-OTC-00032,EXECUTED,SNAP_BITCOIN_OTC,1,PASS
DA-V2-00033,OTC-SRC-484,OTC-DST-571,,,VERIFIED,VERIFIED,BTC,5000,GLOBAL-VASP-C,2026-01-01T00:00:00+00:00,2026-12-31T23:59:59+00:00,BTC,115.5,GLOBAL-VASP-C,2026-01-29T09:04:00+00:00,DERIVED-OTC-00033,EXECUTED,SNAP_BITCOIN_OTC,1,PASS
DA-V2-00034,OTC-SRC-484,OTC-DST-722,,,VERIFIED,VERIFIED,ETH,10000,KR-VASP-A,2026-01-01T00:00:00+00:00,2026-12-31T23:59:59+00:00,UNAPPROVED_TOKEN,252.0,KR-VASP-A,2026-01-31T09:21:00+00:00,DERIVED-OTC-00034,EXECUTED,SNAP_BITCOIN_OTC,1,BLOCK
DA-V2-00035,OTC-SRC-288,OTC-DST-741,,,VERIFIED,VERIFIED,USDT,1000,KR-VASP-B,2026-01-01T00:00:00+00:00,2026-01-15T23:59:59+00:00,USDT,572.0,KR-VASP-B,2026-02-01T09:38:00+00:00,DERIVED-OTC-00035,EXECUTED,SNAP_BITCOIN_OTC,2,PASS
DA-V2-00036,OTC-SRC-215,OTC-DST-452,,,VERIFIED,VERIFIED,USDC,1000,GLOBAL-VASP-C,2026-01-01T00:00:00+00:00,2026-12-31T23:59:59+00:00,USDC,1018.5,GLOBAL-VASP-C,2026-02-02T09:55:00+00:00,DERIVED-OTC-00036,PENDING_RESULT,SNAP_BITCOIN_OTC,1,BLOCK
DA-V2-00037,OTC-SRC-518,OTC-DST-786,,,PENDING,VERIFIED,BTC,1000,KR-VASP-A,2026-01-01T00:00:00+00:00,2026-12-31T23:59:59+00:00,BTC,3150.0,KR-VASP-A,2026-02-03T10:12:00+00:00,DERIVED-OTC-00037,EXECUTED,SNAP_BITCOIN_OTC,10,REVIEW
DA-V2-00038,OTC-SRC-270,OTC-DST-732,,,VERIFIED,VERIFIED,ETH,500,KR-VASP-B,2026-01-01T00:00:00+00:00,2026-12-31T23:59:59+00:00,ETH,5175.0,KR-VASP-B,2026-02-04T10:29:00+00:00,DERIVED-OTC-00038,EXECUTED,SNAP_BITCOIN_OTC,3,BLOCK
DA-V2-00039,OTC-SRC-534,OTC-DST-687,,,VERIFIED,VERIFIED,USDT,500,GLOBAL-VASP-C,2026-01-01T00:00:00+00:00,2026-12-31T23:59:59+00:00,USDT,9900.0,GLOBAL-VASP-C,2026-02-06T10:46:00+00:00,DERIVED-OTC-00039,EXECUTED,SNAP_BITCOIN_OTC,2,BLOCK
DA-V2-00040,OTC-SRC-384,OTC-DST-687,,,VERIFIED,UNKNOWN,USDC,500,KR-VASP-A,2026-01-01T00:00:00+00:00,2026-12-31T23:59:59+00:00,USDC,18900.0,UNKNOWN_VASP,2026-02-07T11:03:00+00:00,DERIVED-OTC-00040,EXECUTED,SNAP_BITCOIN_OTC,1,REVIEW
DA-V2-00041,OTC-SRC-396,OTC-DST-830,,,VERIFIED,VERIFIED,BTC,1000,KR-VASP-B,2026-01-01T00:00:00+00:00,2026-12-31T23:59:59+00:00,BTC,31.5,KR-VASP-B,2026-02-08T11:20:00+00:00,DERIVED-OTC-00041,EXECUTED,SNAP_BITCOIN_OTC,1,PASS
DA-V2-00042,OTC-SRC-468,OTC-DST-735,,,VERIFIED,VERIFIED,ETH,10000,GLOBAL-VASP-C,2026-01-01T00:00:00+00:00,2026-12-31T23:59:59+00:00,ETH,69.0,GLOBAL-VASP-C,2026-02-08T11:37:00+00:00,DERIVED-OTC-00042,EXECUTED,SNAP_BITCOIN_OTC,3,PASS
DA-V2-00043,OTC-SRC-269,OTC-DST-206,,,VERIFIED,VERIFIED,USDT,5000,KR-VASP-A,2026-01-01T00:00:00+00:00,2026-12-31T23:59:59+00:00,USDT,115.5,KR-VASP-A,2026-02-08T11:54:00+00:00,DERIVED-OTC-00043,PENDING_RESULT,SNAP_BITCOIN_OTC,1,PASS
DA-V2-00044,OTC-SRC-198,OTC-DST-922,,,VERIFIED,VERIFIED,USDC,10000,KR-VASP-B,2026-01-01T00:00:00+00:00,2026-12-31T23:59:59+00:00,USDC,252.0,KR-VASP-B,2026-02-09T12:11:00+00:00,DERIVED-OTC-00044,EXECUTED,SNAP_BITCOIN_OTC,1,PASS
DA-V2-00045,OTC-SRC-602,OTC-DST-920,,,VERIFIED,VERIFIED,BTC,500,GLOBAL-VASP-C,2026-01-01T00:00:00+00:00,2026-12-31T23:59:59+00:00,UNAPPROVED_TOKEN,546.0,GLOBAL-VASP-C,2026-02-09T12:28:00+00:00,DERIVED-OTC-00045,EXECUTED,SNAP_BITCOIN_OTC,1,BLOCK
DA-V2-00046,OTC-SRC-304,OTC-DST-847,,,PENDING,VERIFIED,ETH,500,KR-VASP-A,2026-01-01T00:00:00+00:00,2026-12-31T23:59:59+00:00,ETH,1212.5,KR-VASP-A,2026-02-10T12:45:00+00:00,DERIVED-OTC-00046,EXECUTED,SNAP_BITCOIN_OTC,5,REVIEW
DA-V2-00047,OTC-SRC-222,OTC-DST-755,,,VERIFIED,VERIFIED,USDT,1000,KR-VASP-B,2026-01-01T00:00:00+00:00,2026-12-31T23:59:59+00:00,USDT,2625.0,KR-VASP-B,2026-02-10T13:02:00+00:00,DERIVED-OTC-00047,EXECUTED,SNAP_BITCOIN_OTC,5,BLOCK
DA-V2-00048,OTC-SRC-468,OTC-DST-1001,,,VERIFIED,VERIFIED,USDC,2500,GLOBAL-VASP-C,2026-01-01T00:00:00+00:00,2026-12-31T23:59:59+00:00,USDC,6750.0,GLOBAL-VASP-C,2026-02-11T13:19:00+00:00,DERIVED-OTC-00048,EXECUTED,SNAP_BITCOIN_OTC,10,BLOCK
DA-V2-00049,OTC-SRC-57,OTC-DST-896,,,VERIFIED,VERIFIED,BTC,10000,KR-VASP-A,2026-01-01T00:00:00+00:00,2026-12-31T23:59:59+00:00,BTC,9450.0,KR-VASP-A,2026-02-11T13:36:00+00:00,DERIVED-OTC-00049,EXECUTED,SNAP_BITCOIN_OTC,1,PASS
DA-V2-00050,OTC-SRC-650,OTC-DST-1040,,,VERIFIED,VERIFIED,ETH,500,KR-VASP-B,2026-01-01T00:00:00+00:00,2026-12-31T23:59:59+00:00,ETH,23400.0,KR-VASP-B,2026-02-12T13:53:00+00:00,DERIVED-OTC-00050,PENDING_RESULT,SNAP_BITCOIN_OTC,6,BLOCK
DA-V2-00051,OTC-SRC-561,OTC-DST-777,,,VERIFIED,VERIFIED,USDT,1000,GLOBAL-VASP-C,2026-01-01T00:00:00+00:00,2026-12-31T23:59:59+00:00,USDT,31.5,GLOBAL-VASP-C,2026-02-12T14:10:00+00:00,DERIVED-OTC-00051,EXECUTED,SNAP_BITCOIN_OTC,1,PASS
DA-V2-00052,OTC-SRC-627,OTC-DST-982,,,VERIFIED,VERIFIED,USDC,5000,KR-VASP-A,2026-01-01T00:00:00+00:00,2026-01-15T23:59:59+00:00,USDC,66.0,KR-VASP-A,2026-02-13T14:27:00+00:00,DERIVED-OTC-00052,EXECUTED,SNAP_BITCOIN_OTC,2,PASS
DA-V2-00053,OTC-SRC-496,OTC-DST-716,,,VERIFIED,UNKNOWN,BTC,5000,KR-VASP-B,2026-01-01T00:00:00+00:00,2026-12-31T23:59:59+00:00,BTC,115.5,UNKNOWN_VASP,2026-02-13T14:44:00+00:00,DERIVED-OTC-00053,EXECUTED,SNAP_BITCOIN_OTC,1,REVIEW
DA-V2-00054,OTC-SRC-7,OTC-DST-1109,,,VERIFIED,VERIFIED,ETH,10000,GLOBAL-VASP-C,2026-01-01T00:00:00+00:00,2026-12-31T23:59:59+00:00,ETH,252.0,GLOBAL-VASP-C,2026-02-14T15:01:00+00:00,DERIVED-OTC-00054,EXECUTED,SNAP_BITCOIN_OTC,1,PASS
DA-V2-00055,OTC-SRC-691,OTC-DST-1123,,,PENDING,VERIFIED,USDT,500,KR-VASP-A,2026-01-01T00:00:00+00:00,2026-12-31T23:59:59+00:00,USDT,546.0,KR-VASP-A,2026-02-14T15:18:00+00:00,DERIVED-OTC-00055,EXECUTED,SNAP_BITCOIN_OTC,1,REVIEW
DA-V2-00056,OTC-SRC-647,OTC-DST-1146,,,VERIFIED,VERIFIED,USDC,1000,KR-VASP-B,2026-01-01T00:00:00+00:00,2026-12-31T23:59:59+00:00,UNAPPROVED_TOKEN,1018.5,KR-VASP-B,2026-02-15T15:35:00+00:00,DERIVED-OTC-00056,EXECUTED,SNAP_BITCOIN_OTC,1,BLOCK
DA-V2-00057,OTC-SRC-523,OTC-DST-906,,,VERIFIED,VERIFIED,BTC,2500,GLOBAL-VASP-C,2026-01-01T00:00:00+00:00,2026-12-31T23:59:59+00:00,BTC,2205.0,GLOBAL-VASP-C,2026-02-16T15:52:00+00:00,DERIVED-OTC-00057,PENDING_RESULT,SNAP_BITCOIN_OTC,1,PASS
DA-V2-00058,OTC-SRC-716,OTC-DST-537,,,VERIFIED,VERIFIED,ETH,10000,KR-VASP-A,2026-01-01T00:00:00+00:00,2026-12-31T23:59:59+00:00,ETH,4950.0,KR-VASP-A,2026-02-16T16:09:00+00:00,DERIVED-OTC-00058,EXECUTED,SNAP_BITCOIN_OTC,2,PASS
DA-V2-00059,OTC-SRC-687,OTC-DST-1200,,,VERIFIED,VERIFIED,USDT,10000,KR-VASP-B,2026-01-01T00:00:00+00:00,2026-12-31T23:59:59+00:00,USDT,9450.0,KR-VASP-B,2026-02-17T16:26:00+00:00,DERIVED-OTC-00059,EXECUTED,SNAP_BITCOIN_OTC,1,PASS
DA-V2-00060,OTC-SRC-657,OTC-DST-579,,,VERIFIED,VERIFIED,USDC,500,GLOBAL-VASP-C,2026-01-01T00:00:00+00:00,2026-12-31T23:59:59+00:00,USDC,18900.0,GLOBAL-VASP-C,2026-02-17T16:43:00+00:00,DERIVED-OTC-00060,EXECUTED,SNAP_BITCOIN_OTC,1,BLOCK
DA-V2-00061,OTC-SRC-207,OTC-DST-1025,,,VERIFIED,VERIFIED,BTC,1000,KR-VASP-A,2026-01-01T00:00:00+00:00,2026-12-31T23:59:59+00:00,BTC,31.5,KR-VASP-A,2026-02-17T17:00:00+00:00,DERIVED-OTC-00061,EXECUTED,SNAP_BITCOIN_OTC,1,PASS
DA-V2-00062,OTC-SRC-790,OTC-DST-664,,,VERIFIED,VERIFIED,ETH,5000,KR-VASP-B,2026-01-01T00:00:00+00:00,2026-12-31T23:59:59+00:00,ETH,66.0,KR-VASP-B,2026-02-18T17:17:00+00:00,DERIVED-OTC-00062,EXECUTED,SNAP_BITCOIN_OTC,2,PASS
DA-V2-00063,OTC-SRC-762,OTC-DST-1064,,,VERIFIED,VERIFIED,USDT,5000,GLOBAL-VASP-C,2026-01-01T00:00:00+00:00,2026-12-31T23:59:59+00:00,USDT,115.5,GLOBAL-VASP-C,2026-02-18T17:34:00+00:00,DERIVED-OTC-00063,EXECUTED,SNAP_BITCOIN_OTC,1,PASS
DA-V2-00064,OTC-SRC-767,OTC-DST-735,,,PENDING,VERIFIED,USDC,10000,KR-VASP-A,2026-01-01T00:00:00+00:00,2026-12-31T23:59:59+00:00,USDC,252.0,KR-VASP-A,2026-02-19T17:51:00+00:00,DERIVED-OTC-00064,PENDING_RESULT,SNAP_BITCOIN_OTC,1,REVIEW
DA-V2-00065,OTC-SRC-202,OTC-DST-634,,,VERIFIED,VERIFIED,BTC,500,KR-VASP-B,2026-01-01T00:00:00+00:00,2026-12-31T23:59:59+00:00,BTC,546.0,KR-VASP-B,2026-02-20T18:08:00+00:00,DERIVED-OTC-00065,EXECUTED,SNAP_BITCOIN_OTC,1,BLOCK
DA-V2-00066,OTC-SRC-833,OTC-DST-1317,,,VERIFIED,UNKNOWN,ETH,2500,GLOBAL-VASP-C,2026-01-01T00:00:00+00:00,2026-12-31T23:59:59+00:00,ETH,1067.0,UNKNOWN_VASP,2026-02-20T18:25:00+00:00,DERIVED-OTC-00066,EXECUTED,SNAP_BITCOIN_OTC,2,REVIEW
DA-V2-00067,OTC-SRC-851,OTC-DST-1332,,,VERIFIED,VERIFIED,USDT,2500,KR-VASP-A,2026-01-01T00:00:00+00:00,2026-12-31T23:59:59+00:00,UNAPPROVED_TOKEN,2205.0,KR-VASP-A,2026-02-20T18:42:00+00:00,DERIVED-OTC-00067,EXECUTED,SNAP_BITCOIN_OTC,1,BLOCK
DA-V2-00068,OTC-SRC-714,OTC-DST-1344,,,VERIFIED,VERIFIED,USDC,10000,KR-VASP-B,2026-01-01T00:00:00+00:00,2026-12-31T23:59:59+00:00,USDC,4950.0,KR-VASP-B,2026-02-20T18:59:00+00:00,DERIVED-OTC-00068,EXECUTED,SNAP_BITCOIN_OTC,2,PASS
DA-V2-00069,OTC-SRC-770,OTC-DST-1312,,,VERIFIED,VERIFIED,BTC,10000,GLOBAL-VASP-C,2026-01-01T00:00:00+00:00,2026-01-15T23:59:59+00:00,BTC,9450.0,GLOBAL-VASP-C,2026-02-21T19:16:00+00:00,DERIVED-OTC-00069,EXECUTED,SNAP_BITCOIN_OTC,1,PASS
DA-V2-00070,OTC-SRC-687,OTC-DST-708,,,VERIFIED,VERIFIED,ETH,500,KR-VASP-A,2026-01-01T00:00:00+00:00,2026-12-31T23:59:59+00:00,ETH,18900.0,KR-VASP-A,2026-02-21T19:33:00+00:00,DERIVED-OTC-00070,EXECUTED,SNAP_BITCOIN_OTC,1,BLOCK
DA-V2-00071,OTC-SRC-732,OTC-DST-1392,,,VERIFIED,VERIFIED,USDT,1000,KR-VASP-B,2026-01-01T00:00:00+00:00,2026-12-31T23:59:59+00:00,USDT,31.5,KR-VASP-B,2026-02-21T19:50:00+00:00,DERIVED-OTC-00071,PENDING_RESULT,SNAP_BITCOIN_OTC,1,PASS
DA-V2-00072,OTC-SRC-238,OTC-DST-468,,,VERIFIED,VERIFIED,USDC,2500,GLOBAL-VASP-C,2026-01-01T00:00:00+00:00,2026-12-31T23:59:59+00:00,USDC,63.0,GLOBAL-VASP-C,2026-02-22T20:07:00+00:00,DERIVED-OTC-00072,EXECUTED,SNAP_BITCOIN_OTC,1,PASS
DA-V2-00073,OTC-SRC-547,OTC-DST-1034,,,PENDING,VERIFIED,BTC,5000,KR-VASP-A,2026-01-01T00:00:00+00:00,2026-12-31T23:59:59+00:00,BTC,115.5,KR-VASP-A,2026-02-22T20:24:00+00:00,DERIVED-OTC-00073,EXECUTED,SNAP_BITCOIN_OTC,1,REVIEW
DA-V2-00074,OTC-SRC-933,OTC-DST-1368,,,VERIFIED,VERIFIED,ETH,10000,KR-VASP-B,2026-01-01T00:00:00+00:00,2026-12-31T23:59:59+00:00,ETH,252.0,KR-VASP-B,2026-02-23T20:41:00+00:00,DERIVED-OTC-00074,EXECUTED,SNAP_BITCOIN_OTC,1,PASS
DA-V2-00075,OTC-SRC-897,OTC-DST-1412,,,VERIFIED,VERIFIED,USDT,500,GLOBAL-VASP-C,2026-01-01T00:00:00+00:00,2026-12-31T23:59:59+00:00,USDT,546.0,GLOBAL-VASP-C,2026-02-24T20:58:00+00:00,DERIVED-OTC-00075,EXECUTED,SNAP_BITCOIN_OTC,1,BLOCK
DA-V2-00076,OTC-SRC-832,OTC-DST-228,,,VERIFIED,VERIFIED,USDC,1000,KR-VASP-A,2026-01-01T00:00:00+00:00,2026-12-31T23:59:59+00:00,USDC,1018.5,KR-VASP-A,2026-02-24T21:15:00+00:00,DERIVED-OTC-00076,EXECUTED,SNAP_BITCOIN_OTC,1,BLOCK
DA-V2-00077,OTC-SRC-825,OTC-DST-1478,,,VERIFIED,VERIFIED,BTC,10000,KR-VASP-B,2026-01-01T00:00:00+00:00,2026-12-31T23:59:59+00:00,BTC,2415.0,KR-VASP-B,2026-02-24T21:32:00+00:00,DERIVED-OTC-00077,EXECUTED,SNAP_BITCOIN_OTC,3,PASS
DA-V2-00078,OTC-SRC-295,OTC-DST-1217,,,VERIFIED,VERIFIED,ETH,10000,GLOBAL-VASP-C,2026-01-01T00:00:00+00:00,2026-12-31T23:59:59+00:00,UNAPPROVED_TOKEN,4950.0,GLOBAL-VASP-C,2026-02-25T21:49:00+00:00,DERIVED-OTC-00078,PENDING_RESULT,SNAP_BITCOIN_OTC,2,BLOCK
DA-V2-00079,OTC-SRC-273,OTC-DST-1506,,,VERIFIED,UNKNOWN,USDT,10000,KR-VASP-A,2026-01-01T00:00:00+00:00,2026-12-31T23:59:59+00:00,USDT,9450.0,UNKNOWN_VASP,2026-02-25T22:06:00+00:00,DERIVED-OTC-00079,EXECUTED,SNAP_BITCOIN_OTC,1,REVIEW
DA-V2-00080,OTC-SRC-1002,OTC-DST-112,,,VERIFIED,VERIFIED,USDC,500,KR-VASP-B,2026-01-01T00:00:00+00:00,2026-12-31T23:59:59+00:00,USDC,18900.0,KR-VASP-B,2026-02-26T22:23:00+00:00,DERIVED-OTC-00080,EXECUTED,SNAP_BITCOIN_OTC,1,BLOCK
DA-V2-00081,OTC-SRC-1016,OTC-DST-1412,,,VERIFIED,VERIFIED,BTC,1000,GLOBAL-VASP-C,2026-01-01T00:00:00+00:00,2026-12-31T23:59:59+00:00,BTC,31.5,GLOBAL-VASP-C,2026-02-27T22:40:00+00:00,DERIVED-OTC-00081,EXECUTED,SNAP_BITCOIN_OTC,1,PASS
DA-V2-00082,OTC-SRC-928,OTC-DST-1334,,,PENDING,VERIFIED,ETH,5000,KR-VASP-A,2026-01-01T00:00:00+00:00,2026-12-31T23:59:59+00:00,ETH,66.0,KR-VASP-A,2026-02-27T22:57:00+00:00,DERIVED-OTC-00082,EXECUTED,SNAP_BITCOIN_OTC,2,REVIEW
DA-V2-00083,OTC-SRC-202,OTC-DST-1396,,,VERIFIED,VERIFIED,USDT,10000,KR-VASP-B,2026-01-01T00:00:00+00:00,2026-12-31T23:59:59+00:00,USDT,121.0,KR-VASP-B,2026-02-28T23:14:00+00:00,DERIVED-OTC-00083,EXECUTED,SNAP_BITCOIN_OTC,2,PASS
DA-V2-00084,OTC-SRC-178,OTC-DST-546,,,VERIFIED,VERIFIED,USDC,10000,GLOBAL-VASP-C,2026-01-01T00:00:00+00:00,2026-12-31T23:59:59+00:00,USDC,252.0,GLOBAL-VASP-C,2026-02-28T23:31:00+00:00,DERIVED-OTC-00084,EXECUTED,SNAP_BITCOIN_OTC,1,PASS
DA-V2-00085,OTC-SRC-484,OTC-DST-1316,,,VERIFIED,VERIFIED,BTC,500,KR-VASP-A,2026-01-01T00:00:00+00:00,2026-12-31T23:59:59+00:00,BTC,546.0,KR-VASP-A,2026-03-01T23:48:00+00:00,DERIVED-OTC-00085,PENDING_RESULT,SNAP_BITCOIN_OTC,1,BLOCK
DA-V2-00086,OTC-SRC-832,OTC-DST-1487,,,VERIFIED,VERIFIED,ETH,5000,KR-VASP-B,2026-01-01T00:00:00+00:00,2026-01-15T23:59:59+00:00,ETH,1115.5,KR-VASP-B,2026-03-01T00:05:00+00:00,DERIVED-OTC-00086,EXECUTED,SNAP_BITCOIN_OTC,3,PASS
DA-V2-00087,OTC-SRC-21,OTC-DST-1386,,,FAILED,VERIFIED,USDT,5000,GLOBAL-VASP-C,2026-01-01T00:00:00+00:00,2026-12-31T23:59:59+00:00,USDT,2310.0,GLOBAL-VASP-C,2026-03-01T00:22:00+00:00,DERIVED-OTC-00087,EXECUTED,SNAP_BITCOIN_OTC,-2,REVIEW
DA-V2-00088,OTC-SRC-374,OTC-DST-1566,,,VERIFIED,VERIFIED,USDC,5000,KR-VASP-A,2026-01-01T00:00:00+00:00,2026-12-31T23:59:59+00:00,USDC,4725.0,KR-VASP-A,2026-03-02T00:39:00+00:00,DERIVED-OTC-00088,EXECUTED,SNAP_BITCOIN_OTC,1,PASS
DA-V2-00089,OTC-SRC-1100,OTC-DST-1636,,,VERIFIED,VERIFIED,BTC,10000,KR-VASP-B,2026-01-01T00:00:00+00:00,2026-12-31T23:59:59+00:00,UNAPPROVED_TOKEN,9450.0,KR-VASP-B,2026-03-02T00:56:00+00:00,DERIVED-OTC-00089,EXECUTED,SNAP_BITCOIN_OTC,1,BLOCK
DA-V2-00090,OTC-SRC-923,OTC-DST-1688,,,VERIFIED,VERIFIED,ETH,500,GLOBAL-VASP-C,2026-01-01T00:00:00+00:00,2026-12-31T23:59:59+00:00,ETH,18900.0,GLOBAL-VASP-C,2026-03-03T01:13:00+00:00,DERIVED-OTC-00090,EXECUTED,SNAP_BITCOIN_OTC,1,BLOCK
DA-V2-00091,OTC-SRC-1046,OTC-DST-1383,,,PENDING,VERIFIED,USDT,1000,KR-VASP-A,2026-01-01T00:00:00+00:00,2026-12-31T23:59:59+00:00,USDT,31.5,KR-VASP-A,2026-03-04T01:30:00+00:00,DERIVED-OTC-00091,EXECUTED,SNAP_BITCOIN_OTC,1,REVIEW
DA-V2-00092,OTC-SRC-882,OTC-DST-1,,,VERIFIED,UNKNOWN,USDC,1000,KR-VASP-B,2026-01-01T00:00:00+00:00,2026-12-31T23:59:59+00:00,USDC,75.0,UNKNOWN_VASP,2026-03-05T01:47:00+00:00,DERIVED-OTC-00092,PENDING_RESULT,SNAP_BITCOIN_OTC,5,REVIEW
DA-V2-00093,OTC-SRC-1100,OTC-DST-1741,,,VERIFIED,VERIFIED,BTC,5000,GLOBAL-VASP-C,2026-01-01T00:00:00+00:00,2026-12-31T23:59:59+00:00,BTC,115.5,GLOBAL-VASP-C,2026-03-05T02:04:00+00:00,DERIVED-OTC-00093,EXECUTED,SNAP_BITCOIN_OTC,1,PASS
DA-V2-00094,OTC-SRC-1153,OTC-DST-1585,,,VERIFIED,VERIFIED,ETH,10000,KR-VASP-A,2026-01-01T00:00:00+00:00,2026-12-31T23:59:59+00:00,ETH,252.0,KR-VASP-A,2026-03-05T02:21:00+00:00,DERIVED-OTC-00094,EXECUTED,SNAP_BITCOIN_OTC,1,PASS
DA-V2-00095,OTC-SRC-1165,OTC-DST-1674,,,VERIFIED,VERIFIED,USDT,500,KR-VASP-B,2026-01-01T00:00:00+00:00,2026-12-31T23:59:59+00:00,USDT,546.0,KR-VASP-B,2026-03-06T02:38:00+00:00,DERIVED-OTC-00095,EXECUTED,SNAP_BITCOIN_OTC,1,BLOCK
DA-V2-00096,OTC-SRC-1094,OTC-DST-1689,,,VERIFIED,VERIFIED,USDC,1000,GLOBAL-VASP-C,2026-01-01T00:00:00+00:00,2026-12-31T23:59:59+00:00,USDC,1018.5,GLOBAL-VASP-C,2026-03-06T02:55:00+00:00,DERIVED-OTC-00096,EXECUTED,SNAP_BITCOIN_OTC,1,BLOCK
DA-V2-00097,OTC-SRC-661,OTC-DST-1386,,,VERIFIED,VERIFIED,BTC,2500,KR-VASP-A,2026-01-01T00:00:00+00:00,2026-12-31T23:59:59+00:00,BTC,2205.0,KR-VASP-A,2026-03-07T03:12:00+00:00,DERIVED-OTC-00097,EXECUTED,SNAP_BITCOIN_OTC,1,PASS
DA-V2-00098,OTC-SRC-1195,OTC-DST-1677,,,VERIFIED,VERIFIED,ETH,5000,KR-VASP-B,2026-01-01T00:00:00+00:00,2026-12-31T23:59:59+00:00,ETH,4725.0,KR-VASP-B,2026-03-09T03:29:00+00:00,DERIVED-OTC-00098,EXECUTED,SNAP_BITCOIN_OTC,1,PASS
DA-V2-00099,OTC-SRC-1209,OTC-DST-1774,,,VERIFIED,VERIFIED,USDT,10000,GLOBAL-VASP-C,2026-01-01T00:00:00+00:00,2026-12-31T23:59:59+00:00,USDT,9450.0,GLOBAL-VASP-C,2026-03-09T03:46:00+00:00,DERIVED-OTC-00099,PENDING_RESULT,SNAP_BITCOIN_OTC,1,PASS
DA-V2-00100,OTC-SRC-36,OTC-DST-1836,,,PENDING,VERIFIED,USDC,1000,KR-VASP-A,2026-01-01T00:00:00+00:00,2026-12-31T23:59:59+00:00,UNAPPROVED_TOKEN,19800.0,KR-VASP-A,2026-03-09T04:03:00+00:00,DERIVED-OTC-00100,EXECUTED,SNAP_BITCOIN_OTC,2,REVIEW
DA-V2-00101,OTC-SRC-1242,OTC-DST-1785,,,VERIFIED,VERIFIED,BTC,1000,KR-VASP-B,2026-01-01T00:00:00+00:00,2026-12-31T23:59:59+00:00,BTC,31.5,KR-VASP-B,2026-03-10T04:20:00+00:00,DERIVED-OTC-00101,EXECUTED,SNAP_BITCOIN_OTC,1,PASS
DA-V2-00102,OTC-SRC-1252,OTC-DST-1867,,,VERIFIED,VERIFIED,ETH,2500,GLOBAL-VASP-C,2026-01-01T00:00:00+00:00,2026-12-31T23:59:59+00:00,ETH,63.0,GLOBAL-VASP-C,2026-03-10T04:37:00+00:00,DERIVED-OTC-00102,EXECUTED,SNAP_BITCOIN_OTC,1,PASS
DA-V2-00103,OTC-SRC-791,OTC-DST-1860,,,VERIFIED,VERIFIED,USDT,5000,KR-VASP-A,2026-01-01T00:00:00+00:00,2026-01-15T23:59:59+00:00,USDT,115.5,KR-VASP-A,2026-03-11T04:54:00+00:00,DERIVED-OTC-00103,EXECUTED,SNAP_BITCOIN_OTC,1,PASS
DA-V2-00104,OTC-SRC-1257,OTC-DST-1629,,,VERIFIED,VERIFIED,USDC,10000,KR-VASP-B,2026-01-01T00:00:00+00:00,2026-12-31T23:59:59+00:00,USDC,252.0,KR-VASP-B,2026-03-11T05:11:00+00:00,DERIVED-OTC-00104,EXECUTED,SNAP_BITCOIN_OTC,1,PASS
DA-V2-00105,OTC-SRC-492,OTC-DST-1778,,,VERIFIED,UNKNOWN,BTC,500,GLOBAL-VASP-C,2026-01-01T00:00:00+00:00,2026-12-31T23:59:59+00:00,BTC,546.0,UNKNOWN_VASP,2026-03-12T05:28:00+00:00,DERIVED-OTC-00105,EXECUTED,SNAP_BITCOIN_OTC,1,REVIEW
DA-V2-00106,OTC-SRC-7,OTC-DST-1053,,,VERIFIED,VERIFIED,ETH,1000,KR-VASP-A,2026-01-01T00:00:00+00:00,2026-12-31T23:59:59+00:00,ETH,1018.5,KR-VASP-A,2026-03-12T05:45:00+00:00,DERIVED-OTC-00106,PENDING_RESULT,SNAP_BITCOIN_OTC,1,BLOCK
DA-V2-00107,OTC-SRC-191,OTC-DST-905,,,VERIFIED,VERIFIED,USDT,2500,KR-VASP-B,2026-01-01T00:00:00+00:00,2026-12-31T23:59:59+00:00,USDT,2205.0,KR-VASP-B,2026-03-12T06:02:00+00:00,DERIVED-OTC-00107,EXECUTED,SNAP_BITCOIN_OTC,1,PASS
DA-V2-00108,OTC-SRC-270,OTC-DST-1566,,,VERIFIED,VERIFIED,USDC,5000,GLOBAL-VASP-C,2026-01-01T00:00:00+00:00,2026-12-31T23:59:59+00:00,USDC,4725.0,GLOBAL-VASP-C,2026-03-12T06:19:00+00:00,DERIVED-OTC-00108,EXECUTED,SNAP_BITCOIN_OTC,1,PASS
DA-V2-00109,OTC-SRC-1277,OTC-DST-1281,,,PENDING,VERIFIED,BTC,10000,KR-VASP-A,2026-01-01T00:00:00+00:00,2026-12-31T23:59:59+00:00,BTC,9450.0,KR-VASP-A,2026-03-12T06:36:00+00:00,DERIVED-OTC-00109,EXECUTED,SNAP_BITCOIN_OTC,1,REVIEW
DA-V2-00110,OTC-SRC-1053,OTC-DST-1281,,,VERIFIED,VERIFIED,ETH,5000,KR-VASP-B,2026-01-01T00:00:00+00:00,2026-12-31T23:59:59+00:00,ETH,21600.0,KR-VASP-B,2026-03-13T06:53:00+00:00,DERIVED-OTC-00110,EXECUTED,SNAP_BITCOIN_OTC,4,BLOCK
DA-V2-00111,OTC-SRC-882,OTC-DST-1720,,,VERIFIED,VERIFIED,USDT,1000,GLOBAL-VASP-C,2026-01-01T00:00:00+00:00,2026-12-31T23:59:59+00:00,UNAPPROVED_TOKEN,31.5,GLOBAL-VASP-C,2026-03-13T07:10:00+00:00,DERIVED-OTC-00111,EXECUTED,SNAP_BITCOIN_OTC,1,BLOCK
DA-V2-00112,OTC-SRC-1275,OTC-DST-2002,,,VERIFIED,VERIFIED,USDC,2500,KR-VASP-A,2026-01-01T00:00:00+00:00,2026-12-31T23:59:59+00:00,USDC,63.0,KR-VASP-A,2026-03-13T07:27:00+00:00,DERIVED-OTC-00112,EXECUTED,SNAP_BITCOIN_OTC,1,PASS
DA-V2-00113,OTC-SRC-1183,OTC-DST-2034,,,VERIFIED,VERIFIED,BTC,5000,KR-VASP-B,2026-01-01T00:00:00+00:00,2026-12-31T23:59:59+00:00,BTC,115.5,KR-VASP-B,2026-03-13T07:44:00+00:00,DERIVED-OTC-00113,PENDING_RESULT,SNAP_BITCOIN_OTC,1,PASS
DA-V2-00114,OTC-SRC-1094,OTC-DST-1281,,,VERIFIED,VERIFIED,ETH,500,GLOBAL-VASP-C,2026-01-01T00:00:00+00:00,2026-12-31T23:59:59+00:00,ETH,264.0,GLOBAL-VASP-C,2026-03-14T08:01:00+00:00,DERIVED-OTC-00114,EXECUTED,SNAP_BITCOIN_OTC,2,PASS
DA-V2-00115,OTC-SRC-6,OTC-DST-1690,,,VERIFIED,VERIFIED,USDT,500,KR-VASP-A,2026-01-01T00:00:00+00:00,2026-12-31T23:59:59+00:00,USDT,546.0,KR-VASP-A,2026-03-14T08:18:00+00:00,DERIVED-OTC-00115,EXECUTED,SNAP_BITCOIN_OTC,1,BLOCK
DA-V2-00116,OTC-SRC-80,OTC-DST-2084,,,VERIFIED,VERIFIED,USDC,2500,KR-VASP-B,2026-01-01T00:00:00+00:00,2026-12-31T23:59:59+00:00,USDC,1067.0,KR-VASP-B,2026-03-14T08:35:00+00:00,DERIVED-OTC-00116,EXECUTED,SNAP_BITCOIN_OTC,2,PASS
DA-V2-00117,OTC-SRC-550,OTC-DST-1587,,,VERIFIED,VERIFIED,BTC,2500,GLOBAL-VASP-C,2026-01-01T00:00:00+00:00,2026-12-31T23:59:59+00:00,BTC,2205.0,GLOBAL-VASP-C,2026-03-14T08:52:00+00:00,DERIVED-OTC-00117,EXECUTED,SNAP_BITCOIN_OTC,1,PASS
DA-V2-00118,OTC-SRC-1201,OTC-DST-2112,,,PENDING,UNKNOWN,ETH,10000,KR-VASP-A,2026-01-01T00:00:00+00:00,2026-12-31T23:59:59+00:00,ETH,4950.0,UNKNOWN_VASP,2026-03-14T09:09:00+00:00,DERIVED-OTC-00118,EXECUTED,SNAP_BITCOIN_OTC,2,REVIEW
DA-V2-00119,OTC-SRC-522,OTC-DST-1815,,,VERIFIED,VERIFIED,USDT,500,KR-VASP-B,2026-01-01T00:00:00+00:00,2026-12-31T23:59:59+00:00,USDT,9900.0,KR-VASP-B,2026-03-15T09:26:00+00:00,DERIVED-OTC-00119,EXECUTED,SNAP_BITCOIN_OTC,2,BLOCK
DA-V2-00120,OTC-SRC-1094,OTC-DST-2122,,,FAILED,VERIFIED,USDC,500,GLOBAL-VASP-C,2026-01-01T00:00:00+00:00,2026-01-15T23:59:59+00:00,USDC,18900.0,GLOBAL-VASP-C,2026-03-15T09:43:00+00:00,DERIVED-OTC-00120,PENDING_RESULT,SNAP_BITCOIN_OTC,-1,REVIEW
DA-V2-00121,OTC-SRC-861,OTC-DST-2155,,,VERIFIED,VERIFIED,BTC,5000,KR-VASP-A,2026-01-01T00:00:00+00:00,2026-12-31T23:59:59+00:00,BTC,34.5,KR-VASP-A,2026-03-15T10:00:00+00:00,DERIVED-OTC-00121,EXECUTED,SNAP_BITCOIN_OTC,3,PASS
DA-V2-00122,OTC-SRC-1348,OTC-DST-1245,,,VERIFIED,VERIFIED,ETH,5000,KR-VASP-B,2026-01-01T00:00:00+00:00,2026-12-31T23:59:59+00:00,UNAPPROVED_TOKEN,66.0,KR-VASP-B,2026-03-15T10:17:00+00:00,DERIVED-OTC-00122,EXECUTED,SNAP_BITCOIN_OTC,2,BLOCK
DA-V2-00123,OTC-SRC-1434,OTC-DST-1810,,,VERIFIED,VERIFIED,USDT,5000,GLOBAL-VASP-C,2026-01-01T00:00:00+00:00,2026-12-31T23:59:59+00:00,USDT,115.5,GLOBAL-VASP-C,2026-03-15T10:34:00+00:00,DERIVED-OTC-00123,EXECUTED,SNAP_BITCOIN_OTC,1,PASS
DA-V2-00124,OTC-SRC-905,OTC-DST-1352,,,VERIFIED,VERIFIED,USDC,5000,KR-VASP-A,2026-01-01T00:00:00+00:00,2026-12-31T23:59:59+00:00,USDC,300.0,KR-VASP-A,2026-03-16T10:51:00+00:00,DERIVED-OTC-00124,EXECUTED,SNAP_BITCOIN_OTC,5,PASS
DA-V2-00125,OTC-SRC-35,OTC-DST-1764,,,VERIFIED,VERIFIED,BTC,2500,KR-VASP-B,2026-01-01T00:00:00+00:00,2026-12-31T23:59:59+00:00,BTC,598.0,KR-VASP-B,2026-03-16T11:08:00+00:00,DERIVED-OTC-00125,EXECUTED,SNAP_BITCOIN_OTC,3,PASS
DA-V2-00126,OTC-SRC-921,OTC-DST-238,,,VERIFIED,VERIFIED,ETH,1000,GLOBAL-VASP-C,2026-01-01T00:00:00+00:00,2026-12-31T23:59:59+00:00,ETH,1018.5,GLOBAL-VASP-C,2026-03-16T11:25:00+00:00,DERIVED-OTC-00126,EXECUTED,SNAP_BITCOIN_OTC,1,BLOCK
DA-V2-00127,OTC-SRC-1457,OTC-DST-1478,,,PENDING,VERIFIED,USDT,5000,KR-VASP-A,2026-01-01T00:00:00+00:00,2026-12-31T23:59:59+00:00,USDT,2310.0,KR-VASP-A,2026-03-16T11:42:00+00:00,DERIVED-OTC-00127,PENDING_RESULT,SNAP_BITCOIN_OTC,2,REVIEW
DA-V2-00128,OTC-SRC-1383,OTC-DST-545,,,VERIFIED,VERIFIED,USDC,10000,KR-VASP-B,2026-01-01T00:00:00+00:00,2026-12-31T23:59:59+00:00,USDC,4950.0,KR-VASP-B,2026-03-17T11:59:00+00:00,DERIVED-OTC-00128,EXECUTED,SNAP_BITCOIN_OTC,2,PASS
DA-V2-00129,OTC-SRC-1217,OTC-DST-1810,,,VERIFIED,VERIFIED,BTC,10000,GLOBAL-VASP-C,2026-01-01T00:00:00+00:00,2026-12-31T23:59:59+00:00,BTC,9450.0,GLOBAL-VASP-C,2026-03-17T12:16:00+00:00,DERIVED-OTC-00129,EXECUTED,SNAP_BITCOIN_OTC,1,PASS
DA-V2-00130,OTC-SRC-353,OTC-DST-2271,,,VERIFIED,VERIFIED,ETH,500,KR-VASP-A,2026-01-01T00:00:00+00:00,2026-12-31T23:59:59+00:00,ETH,18900.0,KR-VASP-A,2026-03-18T12:33:00+00:00,DERIVED-OTC-00130,EXECUTED,SNAP_BITCOIN_OTC,1,BLOCK
DA-V2-00131,OTC-SRC-41,OTC-DST-2286,,,VERIFIED,UNKNOWN,USDT,2500,KR-VASP-B,2026-01-01T00:00:00+00:00,2026-12-31T23:59:59+00:00,USDT,33.0,UNKNOWN_VASP,2026-03-18T12:50:00+00:00,DERIVED-OTC-00131,EXECUTED,SNAP_BITCOIN_OTC,2,REVIEW
DA-V2-00132,OTC-SRC-1506,OTC-DST-6,,,VERIFIED,VERIFIED,USDC,10000,GLOBAL-VASP-C,2026-01-01T00:00:00+00:00,2026-12-31T23:59:59+00:00,USDC,69.0,GLOBAL-VASP-C,2026-03-18T13:07:00+00:00,DERIVED-OTC-00132,EXECUTED,SNAP_BITCOIN_OTC,3,PASS
DA-V2-00133,OTC-SRC-1328,OTC-DST-2306,,,VERIFIED,VERIFIED,BTC,2500,KR-VASP-A,2026-01-01T00:00:00+00:00,2026-12-31T23:59:59+00:00,UNAPPROVED_TOKEN,137.5,KR-VASP-A,2026-03-18T13:24:00+00:00,DERIVED-OTC-00133,EXECUTED,SNAP_BITCOIN_OTC,5,BLOCK
DA-V2-00134,OTC-SRC-1521,OTC-DST-2028,,,VERIFIED,VERIFIED,ETH,500,KR-VASP-B,2026-01-01T00:00:00+00:00,2026-12-31T23:59:59+00:00,ETH,264.0,KR-VASP-B,2026-03-18T13:41:00+00:00,DERIVED-OTC-00134,PENDING_RESULT,SNAP_BITCOIN_OTC,2,PASS
DA-V2-00135,OTC-SRC-1317,OTC-DST-2046,,,VERIFIED,VERIFIED,USDT,500,GLOBAL-VASP-C,2026-01-01T00:00:00+00:00,2026-12-31T23:59:59+00:00,USDT,546.0,GLOBAL-VASP-C,2026-03-18T13:58:00+00:00,DERIVED-OTC-00135,EXECUTED,SNAP_BITCOIN_OTC,1,BLOCK
DA-V2-00136,OTC-SRC-1396,OTC-DST-2125,,,PENDING,VERIFIED,USDC,500,KR-VASP-A,2026-01-01T00:00:00+00:00,2026-12-31T23:59:59+00:00,USDC,1455.0,KR-VASP-A,2026-03-18T14:15:00+00:00,DERIVED-OTC-00136,EXECUTED,SNAP_BITCOIN_OTC,10,REVIEW
DA-V2-00137,OTC-SRC-1386,OTC-DST-2276,,,VERIFIED,VERIFIED,BTC,2500,KR-VASP-B,2026-01-01T00:00:00+00:00,2026-01-15T23:59:59+00:00,BTC,2205.0,KR-VASP-B,2026-03-19T14:32:00+00:00,DERIVED-OTC-00137,EXECUTED,SNAP_BITCOIN_OTC,1,PASS
DA-V2-00138,OTC-SRC-35,OTC-DST-2173,,,FAILED,VERIFIED,ETH,5000,GLOBAL-VASP-C,2026-01-01T00:00:00+00:00,2026-12-31T23:59:59+00:00,ETH,4725.0,GLOBAL-VASP-C,2026-03-19T14:49:00+00:00,DERIVED-OTC-00138,EXECUTED,SNAP_BITCOIN_OTC,-1,REVIEW
DA-V2-00139,OTC-SRC-786,OTC-DST-1890,,,VERIFIED,VERIFIED,USDT,10000,KR-VASP-A,2026-01-01T00:00:00+00:00,2026-12-31T23:59:59+00:00,USDT,9450.0,KR-VASP-A,2026-03-19T15:06:00+00:00,DERIVED-OTC-00139,EXECUTED,SNAP_BITCOIN_OTC,1,PASS
DA-V2-00140,OTC-SRC-35,OTC-DST-2194,,,VERIFIED,VERIFIED,USDC,2500,KR-VASP-B,2026-01-01T00:00:00+00:00,2026-12-31T23:59:59+00:00,USDC,20700.0,KR-VASP-B,2026-03-19T15:23:00+00:00,DERIVED-OTC-00140,EXECUTED,SNAP_BITCOIN_OTC,3,BLOCK
DA-V2-00141,OTC-SRC-1601,OTC-DST-35,,,FAILED,VERIFIED,BTC,10000,GLOBAL-VASP-C,2026-01-01T00:00:00+00:00,2026-12-31T23:59:59+00:00,BTC,36.0,GLOBAL-VASP-C,2026-03-19T15:40:00+00:00,DERIVED-OTC-00141,PENDING_RESULT,SNAP_BITCOIN_OTC,-4,REVIEW
DA-V2-00142,OTC-SRC-1614,OTC-DST-304,,,VERIFIED,VERIFIED,ETH,5000,KR-VASP-A,2026-01-01T00:00:00+00:00,2026-12-31T23:59:59+00:00,ETH,66.0,KR-VASP-A,2026-03-19T15:57:00+00:00,DERIVED-OTC-00142,EXECUTED,SNAP_BITCOIN_OTC,2,PASS
DA-V2-00143,OTC-SRC-1317,OTC-DST-2028,,,VERIFIED,VERIFIED,USDT,5000,KR-VASP-B,2026-01-01T00:00:00+00:00,2026-12-31T23:59:59+00:00,USDT,115.5,KR-VASP-B,2026-03-20T16:14:00+00:00,DERIVED-OTC-00143,EXECUTED,SNAP_BITCOIN_OTC,1,PASS
DA-V2-00144,OTC-SRC-1290,OTC-DST-2090,,,VERIFIED,UNKNOWN,USDC,500,GLOBAL-VASP-C,2026-01-01T00:00:00+00:00,2026-12-31T23:59:59+00:00,UNAPPROVED_TOKEN,264.0,UNKNOWN_VASP,2026-03-20T16:31:00+00:00,DERIVED-OTC-00144,EXECUTED,SNAP_BITCOIN_OTC,2,REVIEW
DA-V2-00145,OTC-SRC-1642,OTC-DST-184,,,PENDING,VERIFIED,BTC,10000,KR-VASP-A,2026-01-01T00:00:00+00:00,2026-12-31T23:59:59+00:00,BTC,780.0,KR-VASP-A,2026-03-20T16:48:00+00:00,DERIVED-OTC-00145,EXECUTED,SNAP_BITCOIN_OTC,10,REVIEW
DA-V2-00146,OTC-SRC-1053,OTC-DST-2198,,,VERIFIED,VERIFIED,ETH,500,KR-VASP-B,2026-01-01T00:00:00+00:00,2026-12-31T23:59:59+00:00,ETH,1212.5,KR-VASP-B,2026-03-20T17:05:00+00:00,DERIVED-OTC-00146,EXECUTED,SNAP_BITCOIN_OTC,5,BLOCK
DA-V2-00147,OTC-SRC-522,OTC-DST-2198,,,VERIFIED,VERIFIED,USDT,5000,GLOBAL-VASP-C,2026-01-01T00:00:00+00:00,2026-12-31T23:59:59+00:00,USDT,2310.0,GLOBAL-VASP-C,2026-03-20T17:22:00+00:00,DERIVED-OTC-00147,EXECUTED,SNAP_BITCOIN_OTC,2,PASS
DA-V2-00148,OTC-SRC-1615,OTC-DST-2214,,,VERIFIED,VERIFIED,USDC,10000,KR-VASP-A,2026-01-01T00:00:00+00:00,2026-12-31T23:59:59+00:00,USDC,4950.0,KR-VASP-A,2026-03-21T17:39:00+00:00,DERIVED-OTC-00148,PENDING_RESULT,SNAP_BITCOIN_OTC,2,PASS
DA-V2-00149,OTC-SRC-1334,OTC-DST-2529,,,VERIFIED,VERIFIED,BTC,500,KR-VASP-B,2026-01-01T00:00:00+00:00,2026-12-31T23:59:59+00:00,BTC,9900.0,KR-VASP-B,2026-03-21T17:56:00+00:00,DERIVED-OTC-00149,EXECUTED,SNAP_BITCOIN_OTC,2,BLOCK
DA-V2-00150,OTC-SRC-1672,OTC-DST-710,,,VERIFIED,VERIFIED,ETH,500,GLOBAL-VASP-C,2026-01-01T00:00:00+00:00,2026-12-31T23:59:59+00:00,ETH,18900.0,GLOBAL-VASP-C,2026-03-21T18:13:00+00:00,DERIVED-OTC-00150,EXECUTED,SNAP_BITCOIN_OTC,1,BLOCK
DA-V2-00151,OTC-SRC-1693,OTC-DST-2470,,,VERIFIED,VERIFIED,USDT,10000,KR-VASP-A,2026-01-01T00:00:00+00:00,2026-12-31T23:59:59+00:00,USDT,43.5,KR-VASP-A,2026-03-21T18:30:00+00:00,DERIVED-OTC-00151,EXECUTED,SNAP_BITCOIN_OTC,9,PASS
DA-V2-00152,OTC-SRC-903,OTC-DST-2566,,,VERIFIED,VERIFIED,USDC,2500,KR-VASP-B,2026-01-01T00:00:00+00:00,2026-12-31T23:59:59+00:00,USDC,63.0,KR-VASP-B,2026-03-22T18:47:00+00:00,DERIVED-OTC-00152,EXECUTED,SNAP_BITCOIN_OTC,1,PASS
DA-V2-00153,OTC-SRC-1657,OTC-DST-1675,,,VERIFIED,VERIFIED,BTC,5000,GLOBAL-VASP-C,2026-01-01T00:00:00+00:00,2026-12-31T23:59:59+00:00,BTC,115.5,GLOBAL-VASP-C,2026-03-22T19:04:00+00:00,DERIVED-OTC-00153,EXECUTED,SNAP_BITCOIN_OTC,1,PASS
DA-V2-00154,OTC-SRC-1539,OTC-DST-2602,,,FAILED,VERIFIED,ETH,5000,KR-VASP-A,2026-01-01T00:00:00+00:00,2026-01-15T23:59:59+00:00,ETH,360.0,KR-VASP-A,2026-03-22T19:21:00+00:00,DERIVED-OTC-00154,EXECUTED,SNAP_BITCOIN_OTC,-10,REVIEW
DA-V2-00155,OTC-SRC-1386,OTC-DST-2625,,,VERIFIED,VERIFIED,USDT,500,KR-VASP-B,2026-01-01T00:00:00+00:00,2026-12-31T23:59:59+00:00,UNAPPROVED_TOKEN,546.0,KR-VASP-B,2026-03-23T19:38:00+00:00,DERIVED-OTC-00155,PENDING_RESULT,SNAP_BITCOIN_OTC,1,BLOCK
DA-V2-00156,OTC-SRC-1736,OTC-DST-1217,,,VERIFIED,VERIFIED,USDC,1000,GLOBAL-VASP-C,2026-01-01T00:00:00+00:00,2026-12-31T23:59:59+00:00,USDC,1018.5,GLOBAL-VASP-C,2026-03-23T19:55:00+00:00,DERIVED-OTC-00156,EXECUTED,SNAP_BITCOIN_OTC,1,BLOCK
DA-V2-00157,OTC-SRC-537,OTC-DST-1788,,,VERIFIED,UNKNOWN,BTC,5000,KR-VASP-A,2026-01-01T00:00:00+00:00,2026-12-31T23:59:59+00:00,BTC,2310.0,UNKNOWN_VASP,2026-03-24T20:12:00+00:00,DERIVED-OTC-00157,EXECUTED,SNAP_BITCOIN_OTC,2,REVIEW
DA-V2-00158,OTC-SRC-1762,OTC-DST-1543,,,FAILED,VERIFIED,ETH,500,KR-VASP-B,2026-01-01T00:00:00+00:00,2026-12-31T23:59:59+00:00,ETH,6300.0,KR-VASP-B,2026-03-24T20:29:00+00:00,DERIVED-OTC-00158,EXECUTED,SNAP_BITCOIN_OTC,-8,REVIEW
DA-V2-00159,OTC-SRC-178,OTC-DST-1543,,,FAILED,VERIFIED,USDT,5000,GLOBAL-VASP-C,2026-01-01T00:00:00+00:00,2026-12-31T23:59:59+00:00,USDT,13500.0,GLOBAL-VASP-C,2026-03-24T20:46:00+00:00,DERIVED-OTC-00159,EXECUTED,SNAP_BITCOIN_OTC,-10,REVIEW
DA-V2-00160,OTC-SRC-1317,OTC-DST-2695,,,VERIFIED,VERIFIED,USDC,1000,KR-VASP-A,2026-01-01T00:00:00+00:00,2026-12-31T23:59:59+00:00,USDC,19800.0,KR-VASP-A,2026-03-25T21:03:00+00:00,DERIVED-OTC-00160,EXECUTED,SNAP_BITCOIN_OTC,2,BLOCK
DA-V2-00161,OTC-SRC-1693,OTC-DST-2717,,,VERIFIED,VERIFIED,BTC,1000,KR-VASP-B,2026-01-01T00:00:00+00:00,2026-12-31T23:59:59+00:00,BTC,31.5,KR-VASP-B,2026-03-25T21:20:00+00:00,DERIVED-OTC-00161,EXECUTED,SNAP_BITCOIN_OTC,1,PASS
DA-V2-00162,OTC-SRC-1795,OTC-DST-361,,,FAILED,VERIFIED,ETH,2500,GLOBAL-VASP-C,2026-01-01T00:00:00+00:00,2026-12-31T23:59:59+00:00,ETH,63.0,GLOBAL-VASP-C,2026-03-26T21:37:00+00:00,DERIVED-OTC-00162,PENDING_RESULT,SNAP_BITCOIN_OTC,-1,REVIEW
DA-V2-00163,OTC-SRC-1800,OTC-DST-1615,,,FAILED,VERIFIED,USDT,5000,KR-VASP-A,2026-01-01T00:00:00+00:00,2026-12-31T23:59:59+00:00,USDT,115.5,KR-VASP-A,2026-03-27T21:54:00+00:00,DERIVED-OTC-00163,EXECUTED,SNAP_BITCOIN_OTC,-1,REVIEW
DA-V2-00164,OTC-SRC-1809,OTC-DST-2766,,,VERIFIED,VERIFIED,USDC,10000,KR-VASP-B,2026-01-01T00:00:00+00:00,2026-12-31T23:59:59+00:00,USDC,252.0,KR-VASP-B,2026-03-27T22:11:00+00:00,DERIVED-OTC-00164,EXECUTED,SNAP_BITCOIN_OTC,1,PASS
DA-V2-00165,OTC-SRC-304,OTC-DST-2125,,,VERIFIED,VERIFIED,BTC,500,GLOBAL-VASP-C,2026-01-01T00:00:00+00:00,2026-12-31T23:59:59+00:00,BTC,546.0,GLOBAL-VASP-C,2026-03-28T22:28:00+00:00,DERIVED-OTC-00165,EXECUTED,SNAP_BITCOIN_OTC,1,BLOCK
DA-V2-00166,OTC-SRC-1386,OTC-DST-2780,,,VERIFIED,VERIFIED,ETH,1000,KR-VASP-A,2026-01-01T00:00:00+00:00,2026-12-31T23:59:59+00:00,UNAPPROVED_TOKEN,1018.5,KR-VASP-A,2026-03-29T22:45:00+00:00,DERIVED-OTC-00166,EXECUTED,SNAP_BITCOIN_OTC,1,BLOCK
DA-V2-00167,OTC-SRC-1833,OTC-DST-2778,,,VERIFIED,VERIFIED,USDT,2500,KR-VASP-B,2026-01-01T00:00:00+00:00,2026-12-31T23:59:59+00:00,USDT,2205.0,KR-VASP-B,2026-03-30T23:02:00+00:00,DERIVED-OTC-00167,EXECUTED,SNAP_BITCOIN_OTC,1,PASS
DA-V2-00168,OTC-SRC-1712,OTC-DST-2657,,,VERIFIED,VERIFIED,USDC,5000,GLOBAL-VASP-C,2026-01-01T00:00:00+00:00,2026-12-31T23:59:59+00:00,USDC,4725.0,GLOBAL-VASP-C,2026-03-31T23:19:00+00:00,DERIVED-OTC-00168,EXECUTED,SNAP_BITCOIN_OTC,1,PASS
DA-V2-00169,OTC-SRC-1771,OTC-DST-2839,,,VERIFIED,VERIFIED,BTC,1000,KR-VASP-A,2026-01-01T00:00:00+00:00,2026-12-31T23:59:59+00:00,BTC,10350.0,KR-VASP-A,2026-03-31T23:36:00+00:00,DERIVED-OTC-00169,PENDING_RESULT,SNAP_BITCOIN_OTC,3,BLOCK
DA-V2-00170,OTC-SRC-1386,OTC-DST-2214,,,VERIFIED,UNKNOWN,ETH,500,KR-VASP-B,2026-01-01T00:00:00+00:00,2026-12-31T23:59:59+00:00,ETH,18900.0,UNKNOWN_VASP,2026-04-01T23:53:00+00:00,DERIVED-OTC-00170,EXECUTED,SNAP_BITCOIN_OTC,1,REVIEW
DA-V2-00171,OTC-SRC-1744,OTC-DST-2867,,,VERIFIED,VERIFIED,USDT,1000,GLOBAL-VASP-C,2026-01-01T00:00:00+00:00,2026-01-15T23:59:59+00:00,USDT,31.5,GLOBAL-VASP-C,2026-04-01T00:10:00+00:00,DERIVED-OTC-00171,EXECUTED,SNAP_BITCOIN_OTC,1,PASS
DA-V2-00172,OTC-SRC-1620,OTC-DST-1899,,,FAILED,VERIFIED,USDC,1000,KR-VASP-A,2026-01-01T00:00:00+00:00,2026-12-31T23:59:59+00:00,USDC,90.0,KR-VASP-A,2026-04-02T00:27:00+00:00,DERIVED-OTC-00172,EXECUTED,SNAP_BITCOIN_OTC,-10,REVIEW
DA-V2-00173,OTC-SRC-1860,OTC-DST-2728,,,VERIFIED,VERIFIED,BTC,10000,KR-VASP-B,2026-01-01T00:00:00+00:00,2026-12-31T23:59:59+00:00,BTC,121.0,KR-VASP-B,2026-04-02T00:44:00+00:00,DERIVED-OTC-00173,EXECUTED,SNAP_BITCOIN_OTC,2,PASS
DA-V2-00174,OTC-SRC-1755,OTC-DST-1334,,,VERIFIED,VERIFIED,ETH,1000,GLOBAL-VASP-C,2026-01-01T00:00:00+00:00,2026-12-31T23:59:59+00:00,ETH,276.0,GLOBAL-VASP-C,2026-04-03T01:01:00+00:00,DERIVED-OTC-00174,EXECUTED,SNAP_BITCOIN_OTC,3,PASS
DA-V2-00175,OTC-SRC-1900,OTC-DST-20,,,VERIFIED,VERIFIED,USDT,500,KR-VASP-A,2026-01-01T00:00:00+00:00,2026-12-31T23:59:59+00:00,USDT,546.0,KR-VASP-A,2026-04-04T01:18:00+00:00,DERIVED-OTC-00175,EXECUTED,SNAP_BITCOIN_OTC,1,BLOCK
DA-V2-00176,OTC-SRC-1920,OTC-DST-654,,,VERIFIED,VERIFIED,USDC,1000,KR-VASP-B,2026-01-01T00:00:00+00:00,2026-12-31T23:59:59+00:00,USDC,1018.5,KR-VASP-B,2026-04-05T01:35:00+00:00,DERIVED-OTC-00176,PENDING_RESULT,SNAP_BITCOIN_OTC,1,BLOCK
DA-V2-00177,OTC-SRC-1773,OTC-DST-2880,,,VERIFIED,VERIFIED,BTC,2500,GLOBAL-VASP-C,2026-01-01T00:00:00+00:00,2026-12-31T23:59:59+00:00,UNAPPROVED_TOKEN,2205.0,GLOBAL-VASP-C,2026-04-05T01:52:00+00:00,DERIVED-OTC-00177,EXECUTED,SNAP_BITCOIN_OTC,1,BLOCK
DA-V2-00178,OTC-SRC-363,OTC-DST-2943,,,VERIFIED,VERIFIED,ETH,10000,KR-VASP-A,2026-01-01T00:00:00+00:00,2026-12-31T23:59:59+00:00,ETH,4950.0,KR-VASP-A,2026-04-07T02:09:00+00:00,DERIVED-OTC-00178,EXECUTED,SNAP_BITCOIN_OTC,2,PASS
DA-V2-00179,OTC-SRC-1933,OTC-DST-2964,,,VERIFIED,VERIFIED,USDT,10000,KR-VASP-B,2026-01-01T00:00:00+00:00,2026-12-31T23:59:59+00:00,USDT,9450.0,KR-VASP-B,2026-04-08T02:26:00+00:00,DERIVED-OTC-00179,EXECUTED,SNAP_BITCOIN_OTC,1,PASS
DA-V2-00180,OTC-SRC-1953,OTC-DST-1897,,,VERIFIED,VERIFIED,USDC,500,GLOBAL-VASP-C,2026-01-01T00:00:00+00:00,2026-12-31T23:59:59+00:00,USDC,18900.0,GLOBAL-VASP-C,2026-04-08T02:43:00+00:00,DERIVED-OTC-00180,EXECUTED,SNAP_BITCOIN_OTC,1,BLOCK
DA-V2-00181,OTC-SRC-905,OTC-DST-2770,,,PENDING,VERIFIED,BTC,1000,KR-VASP-A,2026-01-01T00:00:00+00:00,2026-12-31T23:59:59+00:00,BTC,31.5,KR-VASP-A,2026-04-09T03:00:00+00:00,DERIVED-OTC-00181,EXECUTED,SNAP_BITCOIN_OTC,1,REVIEW
DA-V2-00182,OTC-SRC-35,OTC-DST-2194,,,VERIFIED,VERIFIED,ETH,2500,KR-VASP-B,2026-01-01T00:00:00+00:00,2026-12-31T23:59:59+00:00,ETH,63.0,KR-VASP-B,2026-04-11T03:17:00+00:00,DERIVED-OTC-00182,EXECUTED,SNAP_BITCOIN_OTC,1,PASS
DA-V2-00183,OTC-SRC-1981,OTC-DST-2880,,,FAILED,UNKNOWN,USDT,2500,GLOBAL-VASP-C,2026-01-01T00:00:00+00:00,2026-12-31T23:59:59+00:00,USDT,165.0,UNKNOWN_VASP,2026-04-12T03:34:00+00:00,DERIVED-OTC-00183,PENDING_RESULT,SNAP_BITCOIN_OTC,-10,REVIEW
DA-V2-00184,OTC-SRC-1396,OTC-DST-3082,,,VERIFIED,VERIFIED,USDC,5000,KR-VASP-A,2026-01-01T00:00:00+00:00,2026-12-31T23:59:59+00:00,USDC,360.0,KR-VASP-A,2026-04-13T03:51:00+00:00,DERIVED-OTC-00184,EXECUTED,SNAP_BITCOIN_OTC,10,PASS
DA-V2-00185,OTC-SRC-1656,OTC-DST-3059,,,VERIFIED,VERIFIED,BTC,500,KR-VASP-B,2026-01-01T00:00:00+00:00,2026-12-31T23:59:59+00:00,BTC,546.0,KR-VASP-B,2026-04-15T04:08:00+00:00,DERIVED-OTC-00185,EXECUTED,SNAP_BITCOIN_OTC,1,BLOCK
DA-V2-00186,OTC-SRC-35,OTC-DST-3099,,,VERIFIED,VERIFIED,ETH,5000,GLOBAL-VASP-C,2026-01-01T00:00:00+00:00,2026-12-31T23:59:59+00:00,ETH,1115.5,GLOBAL-VASP-C,2026-04-16T04:25:00+00:00,DERIVED-OTC-00186,EXECUTED,SNAP_BITCOIN_OTC,3,PASS
DA-V2-00187,OTC-SRC-1832,OTC-DST-2817,,,FAILED,VERIFIED,USDT,10000,KR-VASP-A,2026-01-01T00:00:00+00:00,2026-12-31T23:59:59+00:00,USDT,2415.0,KR-VASP-A,2026-04-18T04:42:00+00:00,DERIVED-OTC-00187,EXECUTED,SNAP_BITCOIN_OTC,-3,REVIEW
DA-V2-00188,OTC-SRC-350,OTC-DST-3149,,,VERIFIED,VERIFIED,USDC,5000,KR-VASP-B,2026-01-01T00:00:00+00:00,2026-01-15T23:59:59+00:00,UNAPPROVED_TOKEN,4725.0,KR-VASP-B,2026-04-19T04:59:00+00:00,DERIVED-OTC-00188,EXECUTED,SNAP_BITCOIN_OTC,1,BLOCK
DA-V2-00189,OTC-SRC-1317,OTC-DST-3092,,,VERIFIED,VERIFIED,BTC,10000,GLOBAL-VASP-C,2026-01-01T00:00:00+00:00,2026-12-31T23:59:59+00:00,BTC,9450.0,GLOBAL-VASP-C,2026-04-22T05:16:00+00:00,DERIVED-OTC-00189,EXECUTED,SNAP_BITCOIN_OTC,1,PASS
DA-V2-00190,OTC-SRC-41,OTC-DST-1779,,,PENDING,VERIFIED,ETH,500,KR-VASP-A,2026-01-01T00:00:00+00:00,2026-12-31T23:59:59+00:00,ETH,18900.0,KR-VASP-A,2026-04-23T05:33:00+00:00,DERIVED-OTC-00190,PENDING_RESULT,SNAP_BITCOIN_OTC,1,REVIEW
DA-V2-00191,OTC-SRC-1499,OTC-DST-3195,,,VERIFIED,VERIFIED,USDT,1000,KR-VASP-B,2026-01-01T00:00:00+00:00,2026-12-31T23:59:59+00:00,USDT,31.5,KR-VASP-B,2026-04-24T05:50:00+00:00,DERIVED-OTC-00191,EXECUTED,SNAP_BITCOIN_OTC,1,PASS
DA-V2-00192,OTC-SRC-2066,OTC-DST-1810,,,VERIFIED,VERIFIED,USDC,2500,GLOBAL-VASP-C,2026-01-01T00:00:00+00:00,2026-12-31T23:59:59+00:00,USDC,63.0,GLOBAL-VASP-C,2026-04-27T06:07:00+00:00,DERIVED-OTC-00192,EXECUTED,SNAP_BITCOIN_OTC,1,PASS
DA-V2-00193,OTC-SRC-13,OTC-DST-2485,,,VERIFIED,VERIFIED,BTC,10000,KR-VASP-A,2026-01-01T00:00:00+00:00,2026-12-31T23:59:59+00:00,BTC,121.0,KR-VASP-A,2026-04-28T06:24:00+00:00,DERIVED-OTC-00193,EXECUTED,SNAP_BITCOIN_OTC,2,PASS
DA-V2-00194,OTC-SRC-2080,OTC-DST-3242,,,FAILED,VERIFIED,ETH,5000,KR-VASP-B,2026-01-01T00:00:00+00:00,2026-12-31T23:59:59+00:00,ETH,360.0,KR-VASP-B,2026-04-30T06:41:00+00:00,DERIVED-OTC-00194,EXECUTED,SNAP_BITCOIN_OTC,-10,REVIEW
DA-V2-00195,OTC-SRC-1615,OTC-DST-1810,,,VERIFIED,VERIFIED,USDT,2500,GLOBAL-VASP-C,2026-01-01T00:00:00+00:00,2026-12-31T23:59:59+00:00,USDT,598.0,GLOBAL-VASP-C,2026-05-01T06:58:00+00:00,DERIVED-OTC-00195,EXECUTED,SNAP_BITCOIN_OTC,3,PASS
DA-V2-00196,OTC-SRC-1383,OTC-DST-1810,,,VERIFIED,UNKNOWN,USDC,5000,KR-VASP-A,2026-01-01T00:00:00+00:00,2026-12-31T23:59:59+00:00,USDC,1115.5,UNKNOWN_VASP,2026-05-02T07:15:00+00:00,DERIVED-OTC-00196,EXECUTED,SNAP_BITCOIN_OTC,3,REVIEW
DA-V2-00197,OTC-SRC-1585,OTC-DST-3129,,,VERIFIED,VERIFIED,BTC,2500,KR-VASP-B,2026-01-01T00:00:00+00:00,2026-12-31T23:59:59+00:00,BTC,2205.0,KR-VASP-B,2026-05-04T07:32:00+00:00,DERIVED-OTC-00197,PENDING_RESULT,SNAP_BITCOIN_OTC,1,PASS
DA-V2-00198,OTC-SRC-2067,OTC-DST-57,,,VERIFIED,VERIFIED,ETH,10000,GLOBAL-VASP-C,2026-01-01T00:00:00+00:00,2026-12-31T23:59:59+00:00,ETH,4950.0,GLOBAL-VASP-C,2026-05-07T07:49:00+00:00,DERIVED-OTC-00198,EXECUTED,SNAP_BITCOIN_OTC,2,PASS
DA-V2-00199,OTC-SRC-1044,OTC-DST-2987,,,PENDING,VERIFIED,USDT,10000,KR-VASP-A,2026-01-01T00:00:00+00:00,2026-12-31T23:59:59+00:00,UNAPPROVED_TOKEN,9450.0,KR-VASP-A,2026-05-10T08:06:00+00:00,DERIVED-OTC-00199,EXECUTED,SNAP_BITCOIN_OTC,1,REVIEW
DA-V2-00200,OTC-SRC-2129,OTC-DST-1802,,,VERIFIED,VERIFIED,USDC,500,KR-VASP-B,2026-01-01T00:00:00+00:00,2026-12-31T23:59:59+00:00,USDC,18900.0,KR-VASP-B,2026-05-12T08:23:00+00:00,DERIVED-OTC-00200,EXECUTED,SNAP_BITCOIN_OTC,1,BLOCK
DA-V2-00201,OTC-SRC-35,OTC-DST-2028,,,VERIFIED,VERIFIED,BTC,2500,GLOBAL-VASP-C,2026-01-01T00:00:00+00:00,2026-12-31T23:59:59+00:00,BTC,33.0,GLOBAL-VASP-C,2026-05-13T08:40:00+00:00,DERIVED-OTC-00201,EXECUTED,SNAP_BITCOIN_OTC,2,PASS
DA-V2-00202,OTC-SRC-2028,OTC-DST-3361,,,VERIFIED,VERIFIED,ETH,2500,KR-VASP-A,2026-01-01T00:00:00+00:00,2026-12-31T23:59:59+00:00,ETH,63.0,KR-VASP-A,2026-05-16T08:57:00+00:00,DERIVED-OTC-00202,EXECUTED,SNAP_BITCOIN_OTC,1,PASS
DA-V2-00203,OTC-SRC-1921,OTC-DST-1018,,,VERIFIED,VERIFIED,USDT,5000,KR-VASP-B,2026-01-01T00:00:00+00:00,2026-12-31T23:59:59+00:00,USDT,115.5,KR-VASP-B,2026-05-18T09:14:00+00:00,DERIVED-OTC-00203,EXECUTED,SNAP_BITCOIN_OTC,1,PASS
DA-V2-00204,OTC-SRC-1843,OTC-DST-2642,,,VERIFIED,VERIFIED,USDC,10000,GLOBAL-VASP-C,2026-01-01T00:00:00+00:00,2026-12-31T23:59:59+00:00,USDC,312.0,GLOBAL-VASP-C,2026-05-19T09:31:00+00:00,DERIVED-OTC-00204,PENDING_RESULT,SNAP_BITCOIN_OTC,6,PASS
DA-V2-00205,OTC-SRC-2141,OTC-DST-3347,,,VERIFIED,VERIFIED,BTC,500,KR-VASP-A,2026-01-01T00:00:00+00:00,2026-01-15T23:59:59+00:00,BTC,546.0,KR-VASP-A,2026-05-20T09:48:00+00:00,DERIVED-OTC-00205,EXECUTED,SNAP_BITCOIN_OTC,1,BLOCK
DA-V2-00206,OTC-SRC-2045,OTC-DST-1771,,,VERIFIED,VERIFIED,ETH,2500,KR-VASP-B,2026-01-01T00:00:00+00:00,2026-12-31T23:59:59+00:00,ETH,1067.0,KR-VASP-B,2026-05-22T10:05:00+00:00,DERIVED-OTC-00206,EXECUTED,SNAP_BITCOIN_OTC,2,PASS
DA-V2-00207,OTC-SRC-2028,OTC-DST-3412,,,VERIFIED,VERIFIED,USDT,2500,GLOBAL-VASP-C,2026-01-01T00:00:00+00:00,2026-12-31T23:59:59+00:00,USDT,2205.0,GLOBAL-VASP-C,2026-05-24T10:22:00+00:00,DERIVED-OTC-00207,EXECUTED,SNAP_BITCOIN_OTC,1,PASS
DA-V2-00208,OTC-SRC-35,OTC-DST-2969,,,PENDING,VERIFIED,USDC,5000,KR-VASP-A,2026-01-01T00:00:00+00:00,2026-12-31T23:59:59+00:00,USDC,4725.0,KR-VASP-A,2026-05-25T10:39:00+00:00,DERIVED-OTC-00208,EXECUTED,SNAP_BITCOIN_OTC,1,REVIEW
DA-V2-00209,OTC-SRC-546,OTC-DST-3473,,,VERIFIED,UNKNOWN,BTC,5000,KR-VASP-B,2026-01-01T00:00:00+00:00,2026-12-31T23:59:59+00:00,BTC,11250.0,UNKNOWN_VASP,2026-05-28T10:56:00+00:00,DERIVED-OTC-00209,EXECUTED,SNAP_BITCOIN_OTC,5,REVIEW
DA-V2-00210,OTC-SRC-2217,OTC-DST-3195,,,VERIFIED,VERIFIED,ETH,10000,GLOBAL-VASP-C,2026-01-01T00:00:00+00:00,2026-12-31T23:59:59+00:00,UNAPPROVED_TOKEN,22500.0,GLOBAL-VASP-C,2026-05-31T11:13:00+00:00,DERIVED-OTC-00210,EXECUTED,SNAP_BITCOIN_OTC,5,BLOCK
DA-V2-00211,OTC-SRC-635,OTC-DST-1018,,,VERIFIED,VERIFIED,USDT,1000,KR-VASP-A,2026-01-01T00:00:00+00:00,2026-12-31T23:59:59+00:00,USDT,31.5,KR-VASP-A,2026-06-02T11:30:00+00:00,DERIVED-OTC-00211,PENDING_RESULT,SNAP_BITCOIN_OTC,1,PASS
DA-V2-00212,OTC-SRC-1044,OTC-DST-1802,,,VERIFIED,VERIFIED,USDC,2500,KR-VASP-B,2026-01-01T00:00:00+00:00,2026-12-31T23:59:59+00:00,USDC,63.0,KR-VASP-B,2026-06-04T11:47:00+00:00,DERIVED-OTC-00212,EXECUTED,SNAP_BITCOIN_OTC,1,PASS
DA-V2-00213,OTC-SRC-1478,OTC-DST-1,,,VERIFIED,VERIFIED,BTC,5000,GLOBAL-VASP-C,2026-01-01T00:00:00+00:00,2026-12-31T23:59:59+00:00,BTC,115.5,GLOBAL-VASP-C,2026-06-06T12:04:00+00:00,DERIVED-OTC-00213,EXECUTED,SNAP_BITCOIN_OTC,1,PASS
DA-V2-00214,OTC-SRC-1693,OTC-DST-3300,,,FAILED,VERIFIED,ETH,500,KR-VASP-A,2026-01-01T00:00:00+00:00,2026-12-31T23:59:59+00:00,ETH,264.0,KR-VASP-A,2026-06-08T12:21:00+00:00,DERIVED-OTC-00214,EXECUTED,SNAP_BITCOIN_OTC,-2,REVIEW
DA-V2-00215,OTC-SRC-1620,OTC-DST-2388,,,VERIFIED,VERIFIED,USDT,1000,KR-VASP-B,2026-01-01T00:00:00+00:00,2026-12-31T23:59:59+00:00,USDT,572.0,KR-VASP-B,2026-06-10T12:38:00+00:00,DERIVED-OTC-00215,EXECUTED,SNAP_BITCOIN_OTC,2,PASS
DA-V2-00216,OTC-SRC-1316,OTC-DST-1316,,,VERIFIED,VERIFIED,USDC,1000,GLOBAL-VASP-C,2026-01-01T00:00:00+00:00,2026-12-31T23:59:59+00:00,USDC,1018.5,GLOBAL-VASP-C,2026-06-12T12:55:00+00:00,DERIVED-OTC-00216,EXECUTED,SNAP_BITCOIN_OTC,1,BLOCK
DA-V2-00217,OTC-SRC-353,OTC-DST-3596,,,FAILED,VERIFIED,BTC,2500,KR-VASP-A,2026-01-01T00:00:00+00:00,2026-12-31T23:59:59+00:00,BTC,2205.0,KR-VASP-A,2026-06-16T13:12:00+00:00,DERIVED-OTC-00217,EXECUTED,SNAP_BITCOIN_OTC,-1,REVIEW
DA-V2-00218,OTC-SRC-2173,OTC-DST-3591,,,VERIFIED,VERIFIED,ETH,5000,KR-VASP-B,2026-01-01T00:00:00+00:00,2026-12-31T23:59:59+00:00,ETH,4725.0,KR-VASP-B,2026-06-19T13:29:00+00:00,DERIVED-OTC-00218,PENDING_RESULT,SNAP_BITCOIN_OTC,1,PASS
DA-V2-00219,OTC-SRC-2187,OTC-DST-1953,,,VERIFIED,VERIFIED,USDT,10000,GLOBAL-VASP-C,2026-01-01T00:00:00+00:00,2026-12-31T23:59:59+00:00,USDT,9450.0,GLOBAL-VASP-C,2026-06-22T13:46:00+00:00,DERIVED-OTC-00219,EXECUTED,SNAP_BITCOIN_OTC,1,PASS
DA-V2-00220,OTC-SRC-1677,OTC-DST-2728,,,VERIFIED,VERIFIED,USDC,1000,KR-VASP-A,2026-01-01T00:00:00+00:00,2026-12-31T23:59:59+00:00,USDC,19800.0,KR-VASP-A,2026-06-24T14:03:00+00:00,DERIVED-OTC-00220,EXECUTED,SNAP_BITCOIN_OTC,2,BLOCK
DA-V2-00221,OTC-SRC-6,OTC-DST-3641,,,VERIFIED,VERIFIED,BTC,1000,KR-VASP-B,2026-01-01T00:00:00+00:00,2026-12-31T23:59:59+00:00,UNAPPROVED_TOKEN,31.5,KR-VASP-B,2026-06-27T14:20:00+00:00,DERIVED-OTC-00221,EXECUTED,SNAP_BITCOIN_OTC,1,BLOCK
DA-V2-00222,OTC-SRC-2227,OTC-DST-2642,,,VERIFIED,UNKNOWN,ETH,2500,GLOBAL-VASP-C,2026-01-01T00:00:00+00:00,2026-01-15T23:59:59+00:00,ETH,63.0,UNKNOWN_VASP,2026-01-01T14:37:00+00:00,DERIVED-OTC-00222,EXECUTED,SNAP_BITCOIN_OTC,1,REVIEW
DA-V2-00223,OTC-SRC-937,OTC-DST-3018,,,VERIFIED,VERIFIED,USDT,5000,KR-VASP-A,2026-01-01T00:00:00+00:00,2026-12-31T23:59:59+00:00,USDT,115.5,KR-VASP-A,2026-01-06T14:54:00+00:00,DERIVED-OTC-00223,EXECUTED,SNAP_BITCOIN_OTC,1,PASS
DA-V2-00224,OTC-SRC-1815,OTC-DST-35,,,VERIFIED,VERIFIED,USDC,10000,KR-VASP-B,2026-01-01T00:00:00+00:00,2026-12-31T23:59:59+00:00,USDC,252.0,KR-VASP-B,2026-01-11T15:11:00+00:00,DERIVED-OTC-00224,EXECUTED,SNAP_BITCOIN_OTC,1,PASS
DA-V2-00225,OTC-SRC-1991,OTC-DST-3389,,,VERIFIED,VERIFIED,BTC,500,GLOBAL-VASP-C,2026-01-01T00:00:00+00:00,2026-12-31T23:59:59+00:00,BTC,546.0,GLOBAL-VASP-C,2026-01-15T15:28:00+00:00,DERIVED-OTC-00225,PENDING_RESULT,SNAP_BITCOIN_OTC,1,BLOCK
DA-V2-00226,OTC-SRC-1396,OTC-DST-3757,,,PENDING,VERIFIED,ETH,1000,KR-VASP-A,2026-01-01T00:00:00+00:00,2026-12-31T23:59:59+00:00,ETH,1018.5,KR-VASP-A,2026-01-20T15:45:00+00:00,DERIVED-OTC-00226,EXECUTED,SNAP_BITCOIN_OTC,1,REVIEW
DA-V2-00227,OTC-SRC-7,OTC-DST-3735,,,VERIFIED,VERIFIED,USDT,2500,KR-VASP-B,2026-01-01T00:00:00+00:00,2026-12-31T23:59:59+00:00,USDT,2205.0,KR-VASP-B,2026-01-23T16:02:00+00:00,DERIVED-OTC-00227,EXECUTED,SNAP_BITCOIN_OTC,1,PASS
DA-V2-00228,OTC-SRC-2192,OTC-DST-3756,,,VERIFIED,VERIFIED,USDC,500,GLOBAL-VASP-C,2026-01-01T00:00:00+00:00,2026-12-31T23:59:59+00:00,USDC,5175.0,GLOBAL-VASP-C,2026-01-27T16:19:00+00:00,DERIVED-OTC-00228,EXECUTED,SNAP_BITCOIN_OTC,3,BLOCK
DA-V2-00229,OTC-SRC-732,OTC-DST-3767,,,VERIFIED,VERIFIED,BTC,10000,KR-VASP-A,2026-01-01T00:00:00+00:00,2026-12-31T23:59:59+00:00,BTC,9450.0,KR-VASP-A,2026-02-01T16:36:00+00:00,DERIVED-OTC-00229,EXECUTED,SNAP_BITCOIN_OTC,1,PASS
DA-V2-00230,OTC-SRC-13,OTC-DST-2642,,,VERIFIED,VERIFIED,ETH,1000,KR-VASP-B,2026-01-01T00:00:00+00:00,2026-12-31T23:59:59+00:00,ETH,24300.0,KR-VASP-B,2026-02-04T16:53:00+00:00,DERIVED-OTC-00230,EXECUTED,SNAP_BITCOIN_OTC,7,BLOCK
DA-V2-00231,OTC-SRC-2067,OTC-DST-3699,,,VERIFIED,VERIFIED,USDT,2500,GLOBAL-VASP-C,2026-01-01T00:00:00+00:00,2026-12-31T23:59:59+00:00,USDT,33.0,GLOBAL-VASP-C,2026-02-07T17:10:00+00:00,DERIVED-OTC-00231,EXECUTED,SNAP_BITCOIN_OTC,2,PASS
DA-V2-00232,OTC-SRC-1317,OTC-DST-1859,,,VERIFIED,VERIFIED,USDC,2500,KR-VASP-A,2026-01-01T00:00:00+00:00,2026-12-31T23:59:59+00:00,UNAPPROVED_TOKEN,63.0,KR-VASP-A,2026-02-11T17:27:00+00:00,DERIVED-OTC-00232,PENDING_RESULT,SNAP_BITCOIN_OTC,1,BLOCK
DA-V2-00233,OTC-SRC-1946,OTC-DST-2625,,,VERIFIED,VERIFIED,BTC,5000,KR-VASP-B,2026-01-01T00:00:00+00:00,2026-12-31T23:59:59+00:00,BTC,115.5,KR-VASP-B,2026-02-14T17:44:00+00:00,DERIVED-OTC-00233,EXECUTED,SNAP_BITCOIN_OTC,1,PASS
DA-V2-00234,OTC-SRC-13,OTC-DST-3018,,,VERIFIED,VERIFIED,ETH,500,GLOBAL-VASP-C,2026-01-01T00:00:00+00:00,2026-12-31T23:59:59+00:00,ETH,264.0,GLOBAL-VASP-C,2026-02-18T18:01:00+00:00,DERIVED-OTC-00234,EXECUTED,SNAP_BITCOIN_OTC,2,PASS
DA-V2-00235,OTC-SRC-2252,OTC-DST-2262,,,PENDING,UNKNOWN,USDT,500,KR-VASP-A,2026-01-01T00:00:00+00:00,2026-12-31T23:59:59+00:00,USDT,546.0,UNKNOWN_VASP,2026-02-20T18:18:00+00:00,DERIVED-OTC-00235,EXECUTED,SNAP_BITCOIN_OTC,1,REVIEW
DA-V2-00236,OTC-SRC-1352,OTC-DST-3735,,,VERIFIED,VERIFIED,USDC,1000,KR-VASP-B,2026-01-01T00:00:00+00:00,2026-12-31T23:59:59+00:00,USDC,1018.5,KR-VASP-B,2026-02-22T18:35:00+00:00,DERIVED-OTC-00236,EXECUTED,SNAP_BITCOIN_OTC,1,BLOCK
DA-V2-00237,OTC-SRC-2214,OTC-DST-3928,,,VERIFIED,VERIFIED,BTC,2500,GLOBAL-VASP-C,2026-01-01T00:00:00+00:00,2026-12-31T23:59:59+00:00,BTC,2205.0,GLOBAL-VASP-C,2026-02-25T18:52:00+00:00,DERIVED-OTC-00237,EXECUTED,SNAP_BITCOIN_OTC,1,PASS
DA-V2-00238,OTC-SRC-2429,OTC-DST-732,,,VERIFIED,VERIFIED,ETH,10000,KR-VASP-A,2026-01-01T00:00:00+00:00,2026-12-31T23:59:59+00:00,ETH,4950.0,KR-VASP-A,2026-02-27T19:09:00+00:00,DERIVED-OTC-00238,EXECUTED,SNAP_BITCOIN_OTC,2,PASS
DA-V2-00239,OTC-SRC-1201,OTC-DST-1363,,,VERIFIED,VERIFIED,USDT,500,KR-VASP-B,2026-01-01T00:00:00+00:00,2026-01-15T23:59:59+00:00,USDT,9900.0,KR-VASP-B,2026-03-04T19:26:00+00:00,DERIVED-OTC-00239,PENDING_RESULT,SNAP_BITCOIN_OTC,2,BLOCK
DA-V2-00240,OTC-SRC-2438,OTC-DST-3928,,,VERIFIED,VERIFIED,USDC,500,GLOBAL-VASP-C,2026-01-01T00:00:00+00:00,2026-12-31T23:59:59+00:00,USDC,18900.0,GLOBAL-VASP-C,2026-03-07T19:43:00+00:00,DERIVED-OTC-00240,EXECUTED,SNAP_BITCOIN_OTC,1,BLOCK
DA-V2-00241,OTC-SRC-2318,OTC-DST-4042,,,VERIFIED,VERIFIED,BTC,500,KR-VASP-A,2026-01-01T00:00:00+00:00,2026-12-31T23:59:59+00:00,BTC,37.5,KR-VASP-A,2026-03-11T20:00:00+00:00,DERIVED-OTC-00241,EXECUTED,SNAP_BITCOIN_OTC,5,PASS
DA-V2-00242,OTC-SRC-1689,OTC-DST-2110,,,FAILED,VERIFIED,ETH,1000,KR-VASP-B,2026-01-01T00:00:00+00:00,2026-12-31T23:59:59+00:00,ETH,90.0,KR-VASP-B,2026-03-14T20:17:00+00:00,DERIVED-OTC-00242,EXECUTED,SNAP_BITCOIN_OTC,-10,REVIEW
DA-V2-00243,OTC-SRC-1544,OTC-DST-3738,,,VERIFIED,VERIFIED,USDT,2500,GLOBAL-VASP-C,2026-01-01T00:00:00+00:00,2026-12-31T23:59:59+00:00,UNAPPROVED_TOKEN,137.5,GLOBAL-VASP-C,2026-03-16T20:34:00+00:00,DERIVED-OTC-00243,EXECUTED,SNAP_BITCOIN_OTC,5,BLOCK
DA-V2-00244,OTC-SRC-492,OTC-DST-1316,,,PENDING,VERIFIED,USDC,1000,KR-VASP-A,2026-01-01T00:00:00+00:00,2026-12-31T23:59:59+00:00,USDC,276.0,KR-VASP-A,2026-03-19T20:51:00+00:00,DERIVED-OTC-00244,EXECUTED,SNAP_BITCOIN_OTC,3,REVIEW
DA-V2-00245,OTC-SRC-1352,OTC-DST-3451,,,VERIFIED,VERIFIED,BTC,5000,KR-VASP-B,2026-01-01T00:00:00+00:00,2026-12-31T23:59:59+00:00,BTC,624.0,KR-VASP-B,2026-03-21T21:08:00+00:00,DERIVED-OTC-00245,EXECUTED,SNAP_BITCOIN_OTC,4,PASS
DA-V2-00246,OTC-SRC-184,OTC-DST-2303,,,VERIFIED,VERIFIED,ETH,1000,GLOBAL-VASP-C,2026-01-01T00:00:00+00:00,2026-12-31T23:59:59+00:00,ETH,1018.5,GLOBAL-VASP-C,2026-03-23T21:25:00+00:00,DERIVED-OTC-00246,PENDING_RESULT,SNAP_BITCOIN_OTC,1,BLOCK
DA-V2-00247,OTC-SRC-2244,OTC-DST-2647,,,VERIFIED,VERIFIED,USDT,2500,KR-VASP-A,2026-01-01T00:00:00+00:00,2026-12-31T23:59:59+00:00,USDT,2205.0,KR-VASP-A,2026-03-26T21:42:00+00:00,DERIVED-OTC-00247,EXECUTED,SNAP_BITCOIN_OTC,1,PASS
DA-V2-00248,OTC-SRC-2520,OTC-DST-3353,,,FAILED,UNKNOWN,USDC,5000,KR-VASP-B,2026-01-01T00:00:00+00:00,2026-12-31T23:59:59+00:00,USDC,4725.0,UNKNOWN_VASP,2026-03-28T21:59:00+00:00,DERIVED-OTC-00248,EXECUTED,SNAP_BITCOIN_OTC,-1,REVIEW
DA-V2-00249,OTC-SRC-1810,OTC-DST-2063,,,VERIFIED,VERIFIED,BTC,10000,GLOBAL-VASP-C,2026-01-01T00:00:00+00:00,2026-12-31T23:59:59+00:00,BTC,9450.0,GLOBAL-VASP-C,2026-03-30T22:16:00+00:00,DERIVED-OTC-00249,EXECUTED,SNAP_BITCOIN_OTC,1,PASS
DA-V2-00250,OTC-SRC-1779,OTC-DST-330,,,VERIFIED,VERIFIED,ETH,500,KR-VASP-A,2026-01-01T00:00:00+00:00,2026-12-31T23:59:59+00:00,ETH,18900.0,KR-VASP-A,2026-04-02T22:33:00+00:00,DERIVED-OTC-00250,EXECUTED,SNAP_BITCOIN_OTC,1,BLOCK
DA-V2-00251,OTC-SRC-241,OTC-DST-2642,,,VERIFIED,VERIFIED,USDT,1000,KR-VASP-B,2026-01-01T00:00:00+00:00,2026-12-31T23:59:59+00:00,USDT,31.5,KR-VASP-B,2026-04-03T22:50:00+00:00,DERIVED-OTC-00251,EXECUTED,SNAP_BITCOIN_OTC,1,PASS
DA-V2-00252,OTC-SRC-2475,OTC-DST-585,,,VERIFIED,VERIFIED,USDC,2500,GLOBAL-VASP-C,2026-01-01T00:00:00+00:00,2026-12-31T23:59:59+00:00,USDC,63.0,GLOBAL-VASP-C,2026-04-05T23:07:00+00:00,DERIVED-OTC-00252,EXECUTED,SNAP_BITCOIN_OTC,1,PASS
DA-V2-00253,OTC-SRC-1922,OTC-DST-3766,,,PENDING,VERIFIED,BTC,500,KR-VASP-A,2026-01-01T00:00:00+00:00,2026-12-31T23:59:59+00:00,BTC,154.0,KR-VASP-A,2026-04-07T23:24:00+00:00,DERIVED-OTC-00253,PENDING_RESULT,SNAP_BITCOIN_OTC,8,REVIEW
DA-V2-00254,OTC-SRC-2567,OTC-DST-1697,,,VERIFIED,VERIFIED,ETH,10000,KR-VASP-B,2026-01-01T00:00:00+00:00,2026-12-31T23:59:59+00:00,UNAPPROVED_TOKEN,252.0,KR-VASP-B,2026-04-09T23:41:00+00:00,DERIVED-OTC-00254,EXECUTED,SNAP_BITCOIN_OTC,1,BLOCK
DA-V2-00255,OTC-SRC-2556,OTC-DST-3451,,,VERIFIED,VERIFIED,USDT,500,GLOBAL-VASP-C,2026-01-01T00:00:00+00:00,2026-12-31T23:59:59+00:00,USDT,546.0,GLOBAL-VASP-C,2026-04-11T23:58:00+00:00,DERIVED-OTC-00255,EXECUTED,SNAP_BITCOIN_OTC,1,BLOCK
DA-V2-00256,OTC-SRC-1566,OTC-DST-2777,,,VERIFIED,VERIFIED,USDC,2500,KR-VASP-A,2026-01-01T00:00:00+00:00,2026-01-15T23:59:59+00:00,USDC,1067.0,KR-VASP-A,2026-04-14T00:15:00+00:00,DERIVED-OTC-00256,EXECUTED,SNAP_BITCOIN_OTC,2,PASS
DA-V2-00257,OTC-SRC-13,OTC-DST-3719,,,VERIFIED,VERIFIED,BTC,2500,KR-VASP-B,2026-01-01T00:00:00+00:00,2026-12-31T23:59:59+00:00,BTC,2205.0,KR-VASP-B,2026-04-16T00:32:00+00:00,DERIVED-OTC-00257,EXECUTED,SNAP_BITCOIN_OTC,1,PASS
DA-V2-00258,OTC-SRC-2585,OTC-DST-4284,,,FAILED,VERIFIED,ETH,2500,GLOBAL-VASP-C,2026-01-01T00:00:00+00:00,2026-12-31T23:59:59+00:00,ETH,6750.0,GLOBAL-VASP-C,2026-04-18T00:49:00+00:00,DERIVED-OTC-00258,EXECUTED,SNAP_BITCOIN_OTC,-10,REVIEW
DA-V2-00259,OTC-SRC-2235,OTC-DST-476,,,VERIFIED,VERIFIED,USDT,500,KR-VASP-A,2026-01-01T00:00:00+00:00,2026-12-31T23:59:59+00:00,USDT,9900.0,KR-VASP-A,2026-04-21T01:06:00+00:00,DERIVED-OTC-00259,EXECUTED,SNAP_BITCOIN_OTC,2,BLOCK
DA-V2-00260,OTC-SRC-2125,OTC-DST-3000,,,VERIFIED,VERIFIED,USDC,500,KR-VASP-B,2026-01-01T00:00:00+00:00,2026-12-31T23:59:59+00:00,USDC,18900.0,KR-VASP-B,2026-04-24T01:23:00+00:00,DERIVED-OTC-00260,PENDING_RESULT,SNAP_BITCOIN_OTC,1,BLOCK
DA-V2-00261,OTC-SRC-2638,OTC-DST-3923,,,VERIFIED,UNKNOWN,BTC,5000,GLOBAL-VASP-C,2026-01-01T00:00:00+00:00,2026-12-31T23:59:59+00:00,BTC,34.5,UNKNOWN_VASP,2026-04-26T01:40:00+00:00,DERIVED-OTC-00261,EXECUTED,SNAP_BITCOIN_OTC,3,REVIEW
DA-V2-00262,OTC-SRC-2636,OTC-DST-4343,,,PENDING,VERIFIED,ETH,10000,KR-VASP-A,2026-01-01T00:00:00+00:00,2026-12-31T23:59:59+00:00,ETH,69.0,KR-VASP-A,2026-04-30T01:57:00+00:00,DERIVED-OTC-00262,EXECUTED,SNAP_BITCOIN_OTC,3,REVIEW
DA-V2-00263,OTC-SRC-2636,OTC-DST-3884,,,VERIFIED,VERIFIED,USDT,5000,KR-VASP-B,2026-01-01T00:00:00+00:00,2026-12-31T23:59:59+00:00,USDT,115.5,KR-VASP-B,2026-05-02T02:14:00+00:00,DERIVED-OTC-00263,EXECUTED,SNAP_BITCOIN_OTC,1,PASS
DA-V2-00264,OTC-SRC-2670,OTC-DST-4172,,,VERIFIED,VERIFIED,USDC,10000,GLOBAL-VASP-C,2026-01-01T00:00:00+00:00,2026-12-31T23:59:59+00:00,USDC,252.0,GLOBAL-VASP-C,2026-05-04T02:31:00+00:00,DERIVED-OTC-00264,EXECUTED,SNAP_BITCOIN_OTC,1,PASS
DA-V2-00265,OTC-SRC-1810,OTC-DST-2125,,,VERIFIED,VERIFIED,BTC,1000,KR-VASP-A,2026-01-01T00:00:00+00:00,2026-12-31T23:59:59+00:00,UNAPPROVED_TOKEN,572.0,KR-VASP-A,2026-05-06T02:48:00+00:00,DERIVED-OTC-00265,EXECUTED,SNAP_BITCOIN_OTC,2,BLOCK
DA-V2-00266,OTC-SRC-1543,OTC-DST-4392,,,VERIFIED,VERIFIED,ETH,1000,KR-VASP-B,2026-01-01T00:00:00+00:00,2026-12-31T23:59:59+00:00,ETH,1018.5,KR-VASP-B,2026-05-08T03:05:00+00:00,DERIVED-OTC-00266,EXECUTED,SNAP_BITCOIN_OTC,1,BLOCK
DA-V2-00267,OTC-SRC-202,OTC-DST-4278,,,FAILED,VERIFIED,USDT,1000,GLOBAL-VASP-C,2026-01-01T00:00:00+00:00,2026-12-31T23:59:59+00:00,USDT,3150.0,GLOBAL-VASP-C,2026-05-12T03:22:00+00:00,DERIVED-OTC-00267,PENDING_RESULT,SNAP_BITCOIN_OTC,-10,REVIEW
DA-V2-00268,OTC-SRC-2574,OTC-DST-2690,,,FAILED,VERIFIED,USDC,2500,KR-VASP-A,2026-01-01T00:00:00+00:00,2026-12-31T23:59:59+00:00,USDC,6750.0,KR-VASP-A,2026-05-14T03:39:00+00:00,DERIVED-OTC-00268,EXECUTED,SNAP_BITCOIN_OTC,-10,REVIEW
DA-V2-00269,OTC-SRC-1386,OTC-DST-2167,,,FAILED,VERIFIED,BTC,5000,KR-VASP-B,2026-01-01T00:00:00+00:00,2026-12-31T23:59:59+00:00,BTC,13500.0,KR-VASP-B,2026-05-15T03:56:00+00:00,DERIVED-OTC-00269,EXECUTED,SNAP_BITCOIN_OTC,-10,REVIEW
DA-V2-00270,OTC-SRC-2028,OTC-DST-4339,,,VERIFIED,VERIFIED,ETH,500,GLOBAL-VASP-C,2026-01-01T00:00:00+00:00,2026-12-31T23:59:59+00:00,ETH,18900.0,GLOBAL-VASP-C,2026-05-18T04:13:00+00:00,DERIVED-OTC-00270,EXECUTED,SNAP_BITCOIN_OTC,1,BLOCK
DA-V2-00271,OTC-SRC-2727,OTC-DST-3465,,,FAILED,VERIFIED,USDT,500,KR-VASP-A,2026-01-01T00:00:00+00:00,2026-12-31T23:59:59+00:00,USDT,45.0,KR-VASP-A,2026-05-19T04:30:00+00:00,DERIVED-OTC-00271,EXECUTED,SNAP_BITCOIN_OTC,-10,REVIEW
DA-V2-00272,OTC-SRC-2351,OTC-DST-4308,,,FAILED,VERIFIED,USDC,1000,KR-VASP-B,2026-01-01T00:00:00+00:00,2026-12-31T23:59:59+00:00,USDC,90.0,KR-VASP-B,2026-05-22T04:47:00+00:00,DERIVED-OTC-00272,EXECUTED,SNAP_BITCOIN_OTC,-10,REVIEW
DA-V2-00273,OTC-SRC-905,OTC-DST-4400,,,VERIFIED,VERIFIED,BTC,10000,GLOBAL-VASP-C,2026-01-01T00:00:00+00:00,2026-01-15T23:59:59+00:00,BTC,121.0,GLOBAL-VASP-C,2026-05-23T05:04:00+00:00,DERIVED-OTC-00273,EXECUTED,SNAP_BITCOIN_OTC,2,PASS
DA-V2-00274,OTC-SRC-242,OTC-DST-4402,,,FAILED,UNKNOWN,ETH,5000,KR-VASP-A,2026-01-01T00:00:00+00:00,2026-12-31T23:59:59+00:00,ETH,360.0,UNKNOWN_VASP,2026-05-26T05:21:00+00:00,DERIVED-OTC-00274,PENDING_RESULT,SNAP_BITCOIN_OTC,-10,REVIEW
DA-V2-00275,OTC-SRC-2123,OTC-DST-3820,,,FAILED,VERIFIED,USDT,10000,KR-VASP-B,2026-01-01T00:00:00+00:00,2026-12-31T23:59:59+00:00,USDT,780.0,KR-VASP-B,2026-05-28T05:38:00+00:00,DERIVED-OTC-00275,EXECUTED,SNAP_BITCOIN_OTC,-10,REVIEW
DA-V2-00276,OTC-SRC-905,OTC-DST-4525,,,FAILED,VERIFIED,USDC,500,GLOBAL-VASP-C,2026-01-01T00:00:00+00:00,2026-12-31T23:59:59+00:00,UNAPPROVED_TOKEN,1455.0,GLOBAL-VASP-C,2026-05-30T05:55:00+00:00,DERIVED-OTC-00276,EXECUTED,SNAP_BITCOIN_OTC,-10,REVIEW
DA-V2-00277,OTC-SRC-2763,OTC-DST-2647,,,VERIFIED,VERIFIED,BTC,2500,KR-VASP-A,2026-01-01T00:00:00+00:00,2026-12-31T23:59:59+00:00,BTC,2205.0,KR-VASP-A,2026-06-01T06:12:00+00:00,DERIVED-OTC-00277,EXECUTED,SNAP_BITCOIN_OTC,1,PASS
DA-V2-00278,OTC-SRC-546,OTC-DST-4543,,,VERIFIED,VERIFIED,ETH,5000,KR-VASP-B,2026-01-01T00:00:00+00:00,2026-12-31T23:59:59+00:00,ETH,4725.0,KR-VASP-B,2026-06-02T06:29:00+00:00,DERIVED-OTC-00278,EXECUTED,SNAP_BITCOIN_OTC,1,PASS
DA-V2-00279,OTC-SRC-1670,OTC-DST-2600,,,VERIFIED,VERIFIED,USDT,10000,GLOBAL-VASP-C,2026-01-01T00:00:00+00:00,2026-12-31T23:59:59+00:00,USDT,9450.0,GLOBAL-VASP-C,2026-06-03T06:46:00+00:00,DERIVED-OTC-00279,EXECUTED,SNAP_BITCOIN_OTC,1,PASS
DA-V2-00280,OTC-SRC-2812,OTC-DST-4571,,,PENDING,VERIFIED,USDC,500,KR-VASP-A,2026-01-01T00:00:00+00:00,2026-12-31T23:59:59+00:00,USDC,18900.0,KR-VASP-A,2026-06-05T07:03:00+00:00,DERIVED-OTC-00280,EXECUTED,SNAP_BITCOIN_OTC,1,REVIEW
DA-V2-00281,OTC-SRC-2797,OTC-DST-2388,,,VERIFIED,VERIFIED,BTC,1000,KR-VASP-B,2026-01-01T00:00:00+00:00,2026-12-31T23:59:59+00:00,BTC,31.5,KR-VASP-B,2026-06-07T07:20:00+00:00,DERIVED-OTC-00281,PENDING_RESULT,SNAP_BITCOIN_OTC,1,PASS
DA-V2-00282,OTC-SRC-2795,OTC-DST-4291,,,FAILED,VERIFIED,ETH,1000,GLOBAL-VASP-C,2026-01-01T00:00:00+00:00,2026-12-31T23:59:59+00:00,ETH,90.0,GLOBAL-VASP-C,2026-06-08T07:37:00+00:00,DERIVED-OTC-00282,EXECUTED,SNAP_BITCOIN_OTC,-10,REVIEW
DA-V2-00283,OTC-SRC-2266,OTC-DST-4478,,,VERIFIED,VERIFIED,USDT,5000,KR-VASP-A,2026-01-01T00:00:00+00:00,2026-12-31T23:59:59+00:00,USDT,115.5,KR-VASP-A,2026-06-10T07:54:00+00:00,DERIVED-OTC-00283,EXECUTED,SNAP_BITCOIN_OTC,1,PASS
DA-V2-00284,OTC-SRC-1733,OTC-DST-3649,,,VERIFIED,VERIFIED,USDC,10000,KR-VASP-B,2026-01-01T00:00:00+00:00,2026-12-31T23:59:59+00:00,USDC,252.0,KR-VASP-B,2026-06-12T08:11:00+00:00,DERIVED-OTC-00284,EXECUTED,SNAP_BITCOIN_OTC,1,PASS
DA-V2-00285,OTC-SRC-2809,OTC-DST-4402,,,VERIFIED,VERIFIED,BTC,500,GLOBAL-VASP-C,2026-01-01T00:00:00+00:00,2026-12-31T23:59:59+00:00,BTC,546.0,GLOBAL-VASP-C,2026-06-14T08:28:00+00:00,DERIVED-OTC-00285,EXECUTED,SNAP_BITCOIN_OTC,1,BLOCK
DA-V2-00286,OTC-SRC-1953,OTC-DST-3971,,,VERIFIED,VERIFIED,ETH,1000,KR-VASP-A,2026-01-01T00:00:00+00:00,2026-12-31T23:59:59+00:00,ETH,1018.5,KR-VASP-A,2026-06-16T08:45:00+00:00,DERIVED-OTC-00286,EXECUTED,SNAP_BITCOIN_OTC,1,BLOCK
DA-V2-00287,OTC-SRC-2882,OTC-DST-4604,,,VERIFIED,UNKNOWN,USDT,5000,KR-VASP-B,2026-01-01T00:00:00+00:00,2026-12-31T23:59:59+00:00,UNAPPROVED_TOKEN,2310.0,UNKNOWN_VASP,2026-06-18T09:02:00+00:00,DERIVED-OTC-00287,EXECUTED,SNAP_BITCOIN_OTC,2,REVIEW
DA-V2-00288,OTC-SRC-2859,OTC-DST-2600,,,VERIFIED,VERIFIED,USDC,10000,GLOBAL-VASP-C,2026-01-01T00:00:00+00:00,2026-12-31T23:59:59+00:00,USDC,4950.0,GLOBAL-VASP-C,2026-06-20T09:19:00+00:00,DERIVED-OTC-00288,PENDING_RESULT,SNAP_BITCOIN_OTC,2,PASS
DA-V2-00289,OTC-SRC-2892,OTC-DST-481,,,PENDING,VERIFIED,BTC,500,KR-VASP-A,2026-01-01T00:00:00+00:00,2026-12-31T23:59:59+00:00,BTC,9900.0,KR-VASP-A,2026-06-23T09:36:00+00:00,DERIVED-OTC-00289,EXECUTED,SNAP_BITCOIN_OTC,2,REVIEW
DA-V2-00290,OTC-SRC-2877,OTC-DST-4683,,,VERIFIED,VERIFIED,ETH,500,KR-VASP-B,2026-01-01T00:00:00+00:00,2026-01-15T23:59:59+00:00,ETH,18900.0,KR-VASP-B,2026-06-25T09:53:00+00:00,DERIVED-OTC-00290,EXECUTED,SNAP_BITCOIN_OTC,1,BLOCK
DA-V2-00291,OTC-SRC-2848,OTC-DST-4688,,,VERIFIED,VERIFIED,USDT,5000,GLOBAL-VASP-C,2026-01-01T00:00:00+00:00,2026-12-31T23:59:59+00:00,USDT,34.5,GLOBAL-VASP-C,2026-06-26T10:10:00+00:00,DERIVED-OTC-00291,EXECUTED,SNAP_BITCOIN_OTC,3,PASS
DA-V2-00292,OTC-SRC-2028,OTC-DST-4676,,,VERIFIED,VERIFIED,USDC,2500,KR-VASP-A,2026-01-01T00:00:00+00:00,2026-12-31T23:59:59+00:00,USDC,63.0,KR-VASP-A,2026-06-27T10:27:00+00:00,DERIVED-OTC-00292,EXECUTED,SNAP_BITCOIN_OTC,1,PASS
DA-V2-00293,OTC-SRC-2266,OTC-DST-4707,,,VERIFIED,VERIFIED,BTC,500,KR-VASP-B,2026-01-01T00:00:00+00:00,2026-12-31T23:59:59+00:00,BTC,126.5,KR-VASP-B,2026-06-28T10:44:00+00:00,DERIVED-OTC-00293,EXECUTED,SNAP_BITCOIN_OTC,3,PASS
DA-V2-00294,OTC-SRC-1529,OTC-DST-4197,,,VERIFIED,VERIFIED,ETH,10000,GLOBAL-VASP-C,2026-01-01T00:00:00+00:00,2026-12-31T23:59:59+00:00,ETH,252.0,GLOBAL-VASP-C,2026-06-29T11:01:00+00:00,DERIVED-OTC-00294,EXECUTED,SNAP_BITCOIN_OTC,1,PASS
DA-V2-00295,OTC-SRC-2125,OTC-DST-4676,,,VERIFIED,VERIFIED,USDT,500,KR-VASP-A,2026-01-01T00:00:00+00:00,2026-12-31T23:59:59+00:00,USDT,546.0,KR-VASP-A,2026-01-02T11:18:00+00:00,DERIVED-OTC-00295,PENDING_RESULT,SNAP_BITCOIN_OTC,1,BLOCK
DA-V2-00296,OTC-SRC-2296,OTC-DST-4741,,,VERIFIED,VERIFIED,USDC,1000,KR-VASP-B,2026-01-01T00:00:00+00:00,2026-12-31T23:59:59+00:00,USDC,1018.5,KR-VASP-B,2026-01-03T11:35:00+00:00,DERIVED-OTC-00296,EXECUTED,SNAP_BITCOIN_OTC,1,BLOCK
DA-V2-00297,OTC-SRC-2214,OTC-DST-4654,,,VERIFIED,VERIFIED,BTC,2500,GLOBAL-VASP-C,2026-01-01T00:00:00+00:00,2026-12-31T23:59:59+00:00,BTC,2205.0,GLOBAL-VASP-C,2026-01-04T11:52:00+00:00,DERIVED-OTC-00297,EXECUTED,SNAP_BITCOIN_OTC,1,PASS
DA-V2-00298,OTC-SRC-2989,OTC-DST-4661,,,PENDING,VERIFIED,ETH,10000,KR-VASP-A,2026-01-01T00:00:00+00:00,2026-12-31T23:59:59+00:00,UNAPPROVED_TOKEN,4950.0,KR-VASP-A,2026-01-06T12:09:00+00:00,DERIVED-OTC-00298,EXECUTED,SNAP_BITCOIN_OTC,2,REVIEW
DA-V2-00299,OTC-SRC-2214,OTC-DST-4733,,,VERIFIED,VERIFIED,USDT,5000,KR-VASP-B,2026-01-01T00:00:00+00:00,2026-12-31T23:59:59+00:00,USDT,11250.0,KR-VASP-B,2026-01-09T12:26:00+00:00,DERIVED-OTC-00299,EXECUTED,SNAP_BITCOIN_OTC,5,BLOCK
DA-V2-00300,OTC-SRC-2397,OTC-DST-4733,,,VERIFIED,UNKNOWN,USDC,500,GLOBAL-VASP-C,2026-01-01T00:00:00+00:00,2026-12-31T23:59:59+00:00,USDC,18900.0,UNKNOWN_VASP,2026-01-10T12:43:00+00:00,DERIVED-OTC-00300,EXECUTED,SNAP_BITCOIN_OTC,1,REVIEW
DA-V2-00301,OTC-SRC-2635,OTC-DST-4747,,,VERIFIED,VERIFIED,BTC,1000,KR-VASP-A,2026-01-01T00:00:00+00:00,2026-12-31T23:59:59+00:00,BTC,31.5,KR-VASP-A,2026-01-12T13:00:00+00:00,DERIVED-OTC-00301,EXECUTED,SNAP_BITCOIN_OTC,1,PASS
DA-V2-00302,OTC-SRC-2887,OTC-DST-4452,,,VERIFIED,VERIFIED,ETH,2500,KR-VASP-B,2026-01-01T00:00:00+00:00,2026-12-31T23:59:59+00:00,ETH,63.0,KR-VASP-B,2026-01-14T13:17:00+00:00,DERIVED-OTC-00302,PENDING_RESULT,SNAP_BITCOIN_OTC,1,PASS
DA-V2-00303,OTC-SRC-2262,OTC-DST-3719,,,VERIFIED,VERIFIED,USDT,10000,GLOBAL-VASP-C,2026-01-01T00:00:00+00:00,2026-12-31T23:59:59+00:00,USDT,121.0,GLOBAL-VASP-C,2026-01-16T13:34:00+00:00,DERIVED-OTC-00303,EXECUTED,SNAP_BITCOIN_OTC,2,PASS
DA-V2-00304,OTC-SRC-2176,OTC-DST-3971,,,FAILED,VERIFIED,USDC,10000,KR-VASP-A,2026-01-01T00:00:00+00:00,2026-12-31T23:59:59+00:00,USDC,252.0,KR-VASP-A,2026-01-18T13:51:00+00:00,DERIVED-OTC-00304,EXECUTED,SNAP_BITCOIN_OTC,-1,REVIEW
DA-V2-00305,OTC-SRC-3044,OTC-DST-3947,,,VERIFIED,VERIFIED,BTC,5000,KR-VASP-B,2026-01-01T00:00:00+00:00,2026-12-31T23:59:59+00:00,BTC,624.0,KR-VASP-B,2026-01-19T14:08:00+00:00,DERIVED-OTC-00305,EXECUTED,SNAP_BITCOIN_OTC,4,PASS
DA-V2-00306,OTC-SRC-1611,OTC-DST-4790,,,FAILED,VERIFIED,ETH,1000,GLOBAL-VASP-C,2026-01-01T00:00:00+00:00,2026-12-31T23:59:59+00:00,ETH,1018.5,GLOBAL-VASP-C,2026-01-22T14:25:00+00:00,DERIVED-OTC-00306,EXECUTED,SNAP_BITCOIN_OTC,-1,REVIEW
DA-V2-00307,OTC-SRC-6,OTC-DST-3746,,,PENDING,VERIFIED,USDT,5000,KR-VASP-A,2026-01-01T00:00:00+00:00,2026-01-15T23:59:59+00:00,USDT,2310.0,KR-VASP-A,2026-01-24T14:42:00+00:00,DERIVED-OTC-00307,EXECUTED,SNAP_BITCOIN_OTC,2,REVIEW
DA-V2-00308,OTC-SRC-3078,OTC-DST-4320,,,FAILED,VERIFIED,USDC,2500,KR-VASP-B,2026-01-01T00:00:00+00:00,2026-12-31T23:59:59+00:00,USDC,6750.0,KR-VASP-B,2026-01-26T14:59:00+00:00,DERIVED-OTC-00308,EXECUTED,SNAP_BITCOIN_OTC,-10,REVIEW
DA-V2-00309,OTC-SRC-1981,OTC-DST-3750,,,FAILED,VERIFIED,BTC,5000,GLOBAL-VASP-C,2026-01-01T00:00:00+00:00,2026-12-31T23:59:59+00:00,UNAPPROVED_TOKEN,13500.0,GLOBAL-VASP-C,2026-01-28T15:16:00+00:00,DERIVED-OTC-00309,PENDING_RESULT,SNAP_BITCOIN_OTC,-10,REVIEW
DA-V2-00310,OTC-SRC-2688,OTC-DST-4838,,,FAILED,VERIFIED,ETH,10000,KR-VASP-A,2026-01-01T00:00:00+00:00,2026-12-31T23:59:59+00:00,ETH,27000.0,KR-VASP-A,2026-01-29T15:33:00+00:00,DERIVED-OTC-00310,EXECUTED,SNAP_BITCOIN_OTC,-10,REVIEW
DA-V2-00311,OTC-SRC-2125,OTC-DST-3445,,,VERIFIED,VERIFIED,USDT,1000,KR-VASP-B,2026-01-01T00:00:00+00:00,2026-12-31T23:59:59+00:00,USDT,31.5,KR-VASP-B,2026-01-31T15:50:00+00:00,DERIVED-OTC-00311,EXECUTED,SNAP_BITCOIN_OTC,1,PASS
DA-V2-00312,OTC-SRC-3120,OTC-DST-4830,,,VERIFIED,VERIFIED,USDC,2500,GLOBAL-VASP-C,2026-01-01T00:00:00+00:00,2026-12-31T23:59:59+00:00,USDC,63.0,GLOBAL-VASP-C,2026-02-01T16:07:00+00:00,DERIVED-OTC-00312,EXECUTED,SNAP_BITCOIN_OTC,1,PASS
DA-V2-00313,OTC-SRC-2558,OTC-DST-3283,,,VERIFIED,UNKNOWN,BTC,5000,KR-VASP-A,2026-01-01T00:00:00+00:00,2026-12-31T23:59:59+00:00,BTC,115.5,UNKNOWN_VASP,2026-02-03T16:24:00+00:00,DERIVED-OTC-00313,EXECUTED,SNAP_BITCOIN_OTC,1,REVIEW
DA-V2-00314,OTC-SRC-1832,OTC-DST-625,,,FAILED,VERIFIED,ETH,10000,KR-VASP-B,2026-01-01T00:00:00+00:00,2026-12-31T23:59:59+00:00,ETH,252.0,KR-VASP-B,2026-02-04T16:41:00+00:00,DERIVED-OTC-00314,EXECUTED,SNAP_BITCOIN_OTC,-1,REVIEW
DA-V2-00315,OTC-SRC-2725,OTC-DST-4708,,,FAILED,VERIFIED,USDT,500,GLOBAL-VASP-C,2026-01-01T00:00:00+00:00,2026-12-31T23:59:59+00:00,USDT,546.0,GLOBAL-VASP-C,2026-02-05T16:58:00+00:00,DERIVED-OTC-00315,EXECUTED,SNAP_BITCOIN_OTC,-1,REVIEW
DA-V2-00316,OTC-SRC-2388,OTC-DST-4694,,,FAILED,VERIFIED,USDC,500,KR-VASP-A,2026-01-01T00:00:00+00:00,2026-12-31T23:59:59+00:00,USDC,1212.5,KR-VASP-A,2026-02-06T17:15:00+00:00,DERIVED-OTC-00316,PENDING_RESULT,SNAP_BITCOIN_OTC,-5,REVIEW
DA-V2-00317,OTC-SRC-1810,OTC-DST-2647,,,FAILED,VERIFIED,BTC,5000,KR-VASP-B,2026-01-01T00:00:00+00:00,2026-12-31T23:59:59+00:00,BTC,2310.0,KR-VASP-B,2026-02-07T17:32:00+00:00,DERIVED-OTC-00317,EXECUTED,SNAP_BITCOIN_OTC,-2,REVIEW
DA-V2-00318,OTC-SRC-2642,OTC-DST-4890,,,VERIFIED,VERIFIED,ETH,5000,GLOBAL-VASP-C,2026-01-01T00:00:00+00:00,2026-12-31T23:59:59+00:00,ETH,4725.0,GLOBAL-VASP-C,2026-02-09T17:49:00+00:00,DERIVED-OTC-00318,EXECUTED,SNAP_BITCOIN_OTC,1,PASS
DA-V2-00319,OTC-SRC-308,OTC-DST-4893,,,VERIFIED,VERIFIED,USDT,10000,KR-VASP-A,2026-01-01T00:00:00+00:00,2026-12-31T23:59:59+00:00,USDT,9450.0,KR-VASP-A,2026-02-11T18:06:00+00:00,DERIVED-OTC-00319,EXECUTED,SNAP_BITCOIN_OTC,1,PASS
DA-V2-00320,OTC-SRC-2725,OTC-DST-4172,,,VERIFIED,VERIFIED,USDC,500,KR-VASP-B,2026-01-01T00:00:00+00:00,2026-12-31T23:59:59+00:00,UNAPPROVED_TOKEN,18900.0,KR-VASP-B,2026-02-13T18:23:00+00:00,DERIVED-OTC-00320,EXECUTED,SNAP_BITCOIN_OTC,1,BLOCK
DA-V2-00321,OTC-SRC-1859,OTC-DST-1018,,,VERIFIED,VERIFIED,BTC,500,GLOBAL-VASP-C,2026-01-01T00:00:00+00:00,2026-12-31T23:59:59+00:00,BTC,37.5,GLOBAL-VASP-C,2026-02-14T18:40:00+00:00,DERIVED-OTC-00321,EXECUTED,SNAP_BITCOIN_OTC,5,PASS
DA-V2-00322,OTC-SRC-35,OTC-DST-2187,,,VERIFIED,VERIFIED,ETH,2500,KR-VASP-A,2026-01-01T00:00:00+00:00,2026-12-31T23:59:59+00:00,ETH,63.0,KR-VASP-A,2026-02-16T18:57:00+00:00,DERIVED-OTC-00322,EXECUTED,SNAP_BITCOIN_OTC,1,PASS
DA-V2-00323,OTC-SRC-3146,OTC-DST-4115,,,VERIFIED,VERIFIED,USDT,5000,KR-VASP-B,2026-01-01T00:00:00+00:00,2026-12-31T23:59:59+00:00,USDT,115.5,KR-VASP-B,2026-02-17T19:14:00+00:00,DERIVED-OTC-00323,PENDING_RESULT,SNAP_BITCOIN_OTC,1,PASS
DA-V2-00324,OTC-SRC-135,OTC-DST-4993,,,VERIFIED,VERIFIED,USDC,500,GLOBAL-VASP-C,2026-01-01T00:00:00+00:00,2026-01-15T23:59:59+00:00,USDC,264.0,GLOBAL-VASP-C,2026-02-19T19:31:00+00:00,DERIVED-OTC-00324,EXECUTED,SNAP_BITCOIN_OTC,2,PASS
DA-V2-00325,OTC-SRC-3239,OTC-DST-5007,,,FAILED,VERIFIED,BTC,2500,KR-VASP-A,2026-01-01T00:00:00+00:00,2026-12-31T23:59:59+00:00,BTC,728.0,KR-VASP-A,2026-02-21T19:48:00+00:00,DERIVED-OTC-00325,EXECUTED,SNAP_BITCOIN_OTC,-8,REVIEW
DA-V2-00326,OTC-SRC-3207,OTC-DST-3926,,,VERIFIED,UNKNOWN,ETH,1000,KR-VASP-B,2026-01-01T00:00:00+00:00,2026-12-31T23:59:59+00:00,ETH,1018.5,UNKNOWN_VASP,2026-02-23T20:05:00+00:00,DERIVED-OTC-00326,EXECUTED,SNAP_BITCOIN_OTC,1,REVIEW
DA-V2-00327,OTC-SRC-2437,OTC-DST-3699,,,FAILED,VERIFIED,USDT,1000,GLOBAL-VASP-C,2026-01-01T00:00:00+00:00,2026-12-31T23:59:59+00:00,USDT,3150.0,GLOBAL-VASP-C,2026-02-25T20:22:00+00:00,DERIVED-OTC-00327,EXECUTED,SNAP_BITCOIN_OTC,-10,REVIEW
DA-V2-00328,OTC-SRC-3195,OTC-DST-3719,,,VERIFIED,VERIFIED,USDC,5000,KR-VASP-A,2026-01-01T00:00:00+00:00,2026-12-31T23:59:59+00:00,USDC,4725.0,KR-VASP-A,2026-02-26T20:39:00+00:00,DERIVED-OTC-00328,EXECUTED,SNAP_BITCOIN_OTC,1,PASS
DA-V2-00329,OTC-SRC-3270,OTC-DST-5013,,,VERIFIED,VERIFIED,BTC,1000,KR-VASP-B,2026-01-01T00:00:00+00:00,2026-12-31T23:59:59+00:00,BTC,10350.0,KR-VASP-B,2026-02-28T20:56:00+00:00,DERIVED-OTC-00329,EXECUTED,SNAP_BITCOIN_OTC,3,BLOCK
DA-V2-00330,OTC-SRC-41,OTC-DST-5069,,,VERIFIED,VERIFIED,ETH,500,GLOBAL-VASP-C,2026-01-01T00:00:00+00:00,2026-12-31T23:59:59+00:00,ETH,18900.0,GLOBAL-VASP-C,2026-03-03T21:13:00+00:00,DERIVED-OTC-00330,PENDING_RESULT,SNAP_BITCOIN_OTC,1,BLOCK
DA-V2-00331,OTC-SRC-1018,OTC-DST-3820,,,VERIFIED,VERIFIED,USDT,1000,KR-VASP-A,2026-01-01T00:00:00+00:00,2026-12-31T23:59:59+00:00,UNAPPROVED_TOKEN,31.5,KR-VASP-A,2026-03-04T21:30:00+00:00,DERIVED-OTC-00331,EXECUTED,SNAP_BITCOIN_OTC,1,BLOCK
DA-V2-00332,OTC-SRC-2733,OTC-DST-3750,,,FAILED,VERIFIED,USDC,1000,KR-VASP-B,2026-01-01T00:00:00+00:00,2026-12-31T23:59:59+00:00,USDC,90.0,KR-VASP-B,2026-03-06T21:47:00+00:00,DERIVED-OTC-00332,EXECUTED,SNAP_BITCOIN_OTC,-10,REVIEW
DA-V2-00333,OTC-SRC-3306,OTC-DST-5110,,,VERIFIED,VERIFIED,BTC,5000,GLOBAL-VASP-C,2026-01-01T00:00:00+00:00,2026-12-31T23:59:59+00:00,BTC,115.5,GLOBAL-VASP-C,2026-03-07T22:04:00+00:00,DERIVED-OTC-00333,EXECUTED,SNAP_BITCOIN_OTC,1,PASS
DA-V2-00334,OTC-SRC-1271,OTC-DST-4253,,,PENDING,VERIFIED,ETH,10000,KR-VASP-A,2026-01-01T00:00:00+00:00,2026-12-31T23:59:59+00:00,ETH,252.0,KR-VASP-A,2026-03-08T22:21:00+00:00,DERIVED-OTC-00334,EXECUTED,SNAP_BITCOIN_OTC,1,REVIEW
DA-V2-00335,OTC-SRC-2325,OTC-DST-4172,,,VERIFIED,VERIFIED,USDT,500,KR-VASP-B,2026-01-01T00:00:00+00:00,2026-12-31T23:59:59+00:00,USDT,546.0,KR-VASP-B,2026-03-09T22:38:00+00:00,DERIVED-OTC-00335,EXECUTED,SNAP_BITCOIN_OTC,1,BLOCK
DA-V2-00336,OTC-SRC-2028,OTC-DST-5164,,,VERIFIED,VERIFIED,USDC,1000,GLOBAL-VASP-C,2026-01-01T00:00:00+00:00,2026-12-31T23:59:59+00:00,USDC,1018.5,GLOBAL-VASP-C,2026-03-10T22:55:00+00:00,DERIVED-OTC-00336,EXECUTED,SNAP_BITCOIN_OTC,1,BLOCK
DA-V2-00337,OTC-SRC-3345,OTC-DST-5190,,,VERIFIED,VERIFIED,BTC,2500,KR-VASP-A,2026-01-01T00:00:00+00:00,2026-12-31T23:59:59+00:00,BTC,2205.0,KR-VASP-A,2026-03-11T23:12:00+00:00,DERIVED-OTC-00337,PENDING_RESULT,SNAP_BITCOIN_OTC,1,PASS
DA-V2-00338,OTC-SRC-2028,OTC-DST-5204,,,VERIFIED,VERIFIED,ETH,5000,KR-VASP-B,2026-01-01T00:00:00+00:00,2026-12-31T23:59:59+00:00,ETH,4725.0,KR-VASP-B,2026-03-13T23:29:00+00:00,DERIVED-OTC-00338,EXECUTED,SNAP_BITCOIN_OTC,1,PASS
DA-V2-00339,OTC-SRC-2378,OTC-DST-5219,,,VERIFIED,UNKNOWN,USDT,1000,GLOBAL-VASP-C,2026-01-01T00:00:00+00:00,2026-12-31T23:59:59+00:00,USDT,10350.0,UNKNOWN_VASP,2026-03-14T23:46:00+00:00,DERIVED-OTC-00339,EXECUTED,SNAP_BITCOIN_OTC,3,REVIEW
DA-V2-00340,OTC-SRC-3333,OTC-DST-5236,,,VERIFIED,VERIFIED,USDC,1000,KR-VASP-A,2026-01-01T00:00:00+00:00,2026-12-31T23:59:59+00:00,USDC,19800.0,KR-VASP-A,2026-03-16T00:03:00+00:00,DERIVED-OTC-00340,EXECUTED,SNAP_BITCOIN_OTC,2,BLOCK
DA-V2-00341,OTC-SRC-2934,OTC-DST-4840,,,VERIFIED,VERIFIED,BTC,1000,KR-VASP-B,2026-01-01T00:00:00+00:00,2026-01-15T23:59:59+00:00,BTC,31.5,KR-VASP-B,2026-03-17T00:20:00+00:00,DERIVED-OTC-00341,EXECUTED,SNAP_BITCOIN_OTC,1,PASS
DA-V2-00342,OTC-SRC-3237,OTC-DST-5263,,,VERIFIED,VERIFIED,ETH,2500,GLOBAL-VASP-C,2026-01-01T00:00:00+00:00,2026-12-31T23:59:59+00:00,UNAPPROVED_TOKEN,63.0,GLOBAL-VASP-C,2026-03-19T00:37:00+00:00,DERIVED-OTC-00342,EXECUTED,SNAP_BITCOIN_OTC,1,BLOCK
DA-V2-00343,OTC-SRC-2647,OTC-DST-3513,,,PENDING,VERIFIED,USDT,10000,KR-VASP-A,2026-01-01T00:00:00+00:00,2026-12-31T23:59:59+00:00,USDT,121.0,KR-VASP-A,2026-03-20T00:54:00+00:00,DERIVED-OTC-00343,EXECUTED,SNAP_BITCOIN_OTC,2,REVIEW
DA-V2-00344,OTC-SRC-2966,OTC-DST-5291,,,VERIFIED,VERIFIED,USDC,10000,KR-VASP-B,2026-01-01T00:00:00+00:00,2026-12-31T23:59:59+00:00,USDC,252.0,KR-VASP-B,2026-03-21T01:11:00+00:00,DERIVED-OTC-00344,PENDING_RESULT,SNAP_BITCOIN_OTC,1,PASS
DA-V2-00345,OTC-SRC-41,OTC-DST-280,,,VERIFIED,VERIFIED,BTC,500,GLOBAL-VASP-C,2026-01-01T00:00:00+00:00,2026-12-31T23:59:59+00:00,BTC,546.0,GLOBAL-VASP-C,2026-03-22T01:28:00+00:00,DERIVED-OTC-00345,EXECUTED,SNAP_BITCOIN_OTC,1,BLOCK
DA-V2-00346,OTC-SRC-13,OTC-DST-5332,,,FAILED,VERIFIED,ETH,500,KR-VASP-A,2026-01-01T00:00:00+00:00,2026-12-31T23:59:59+00:00,ETH,1212.5,KR-VASP-A,2026-03-23T01:45:00+00:00,DERIVED-OTC-00346,EXECUTED,SNAP_BITCOIN_OTC,-5,REVIEW
DA-V2-00347,OTC-SRC-2176,OTC-DST-5065,,,VERIFIED,VERIFIED,USDT,2500,KR-VASP-B,2026-01-01T00:00:00+00:00,2026-12-31T23:59:59+00:00,USDT,2205.0,KR-VASP-B,2026-03-25T02:02:00+00:00,DERIVED-OTC-00347,EXECUTED,SNAP_BITCOIN_OTC,1,PASS
DA-V2-00348,OTC-SRC-729,OTC-DST-4852,,,VERIFIED,VERIFIED,USDC,2500,GLOBAL-VASP-C,2026-01-01T00:00:00+00:00,2026-12-31T23:59:59+00:00,USDC,6750.0,GLOBAL-VASP-C,2026-03-26T02:19:00+00:00,DERIVED-OTC-00348,EXECUTED,SNAP_BITCOIN_OTC,10,BLOCK
DA-V2-00349,OTC-SRC-3459,OTC-DST-2136,,,VERIFIED,VERIFIED,BTC,10000,KR-VASP-A,2026-01-01T00:00:00+00:00,2026-12-31T23:59:59+00:00,BTC,9450.0,KR-VASP-A,2026-03-27T02:36:00+00:00,DERIVED-OTC-00349,EXECUTED,SNAP_BITCOIN_OTC,1,PASS
DA-V2-00350,OTC-SRC-1550,OTC-DST-3988,,,VERIFIED,VERIFIED,ETH,1000,KR-VASP-B,2026-01-01T00:00:00+00:00,2026-12-31T23:59:59+00:00,ETH,19800.0,KR-VASP-B,2026-03-28T02:53:00+00:00,DERIVED-OTC-00350,EXECUTED,SNAP_BITCOIN_OTC,2,BLOCK
DA-V2-00351,OTC-SRC-2642,OTC-DST-5423,,,VERIFIED,VERIFIED,USDT,5000,GLOBAL-VASP-C,2026-01-01T00:00:00+00:00,2026-12-31T23:59:59+00:00,USDT,34.5,GLOBAL-VASP-C,2026-03-29T03:10:00+00:00,DERIVED-OTC-00351,PENDING_RESULT,SNAP_BITCOIN_OTC,3,PASS
DA-V2-00352,OTC-SRC-3456,OTC-DST-62,,,PENDING,UNKNOWN,USDC,2500,KR-VASP-A,2026-01-01T00:00:00+00:00,2026-12-31T23:59:59+00:00,USDC,63.0,UNKNOWN_VASP,2026-03-31T03:27:00+00:00,DERIVED-OTC-00352,EXECUTED,SNAP_BITCOIN_OTC,1,REVIEW
DA-V2-00353,OTC-SRC-1953,OTC-DST-4540,,,VERIFIED,VERIFIED,BTC,5000,KR-VASP-B,2026-01-01T00:00:00+00:00,2026-12-31T23:59:59+00:00,UNAPPROVED_TOKEN,115.5,KR-VASP-B,2026-04-01T03:44:00+00:00,DERIVED-OTC-00353,EXECUTED,SNAP_BITCOIN_OTC,1,BLOCK
DA-V2-00354,OTC-SRC-3302,OTC-DST-4205,,,VERIFIED,VERIFIED,ETH,10000,GLOBAL-VASP-C,2026-01-01T00:00:00+00:00,2026-12-31T23:59:59+00:00,ETH,252.0,GLOBAL-VASP-C,2026-04-02T04:01:00+00:00,DERIVED-OTC-00354,EXECUTED,SNAP_BITCOIN_OTC,1,PASS
DA-V2-00355,OTC-SRC-3504,OTC-DST-5255,,,VERIFIED,VERIFIED,USDT,500,KR-VASP-A,2026-01-01T00:00:00+00:00,2026-12-31T23:59:59+00:00,USDT,546.0,KR-VASP-A,2026-04-03T04:18:00+00:00,DERIVED-OTC-00355,EXECUTED,SNAP_BITCOIN_OTC,1,BLOCK
DA-V2-00356,OTC-SRC-202,OTC-DST-5476,,,VERIFIED,VERIFIED,USDC,2500,KR-VASP-B,2026-01-01T00:00:00+00:00,2026-12-31T23:59:59+00:00,USDC,1067.0,KR-VASP-B,2026-04-04T04:35:00+00:00,DERIVED-OTC-00356,EXECUTED,SNAP_BITCOIN_OTC,2,PASS
DA-V2-00357,OTC-SRC-330,OTC-DST-5495,,,VERIFIED,VERIFIED,BTC,10000,GLOBAL-VASP-C,2026-01-01T00:00:00+00:00,2026-12-31T23:59:59+00:00,BTC,2415.0,GLOBAL-VASP-C,2026-04-05T04:52:00+00:00,DERIVED-OTC-00357,EXECUTED,SNAP_BITCOIN_OTC,3,PASS
DA-V2-00358,OTC-SRC-2762,OTC-DST-5318,,,VERIFIED,VERIFIED,ETH,10000,KR-VASP-A,2026-01-01T00:00:00+00:00,2026-01-15T23:59:59+00:00,ETH,4950.0,KR-VASP-A,2026-04-07T05:09:00+00:00,DERIVED-OTC-00358,PENDING_RESULT,SNAP_BITCOIN_OTC,2,PASS
DA-V2-00359,OTC-SRC-2266,OTC-DST-2067,,,VERIFIED,VERIFIED,USDT,1000,KR-VASP-B,2026-01-01T00:00:00+00:00,2026-12-31T23:59:59+00:00,USDT,10350.0,KR-VASP-B,2026-04-08T05:26:00+00:00,DERIVED-OTC-00359,EXECUTED,SNAP_BITCOIN_OTC,3,BLOCK
DA-V2-00360,OTC-SRC-2266,OTC-DST-3572,,,VERIFIED,VERIFIED,USDC,500,GLOBAL-VASP-C,2026-01-01T00:00:00+00:00,2026-12-31T23:59:59+00:00,USDC,18900.0,GLOBAL-VASP-C,2026-04-09T05:43:00+00:00,DERIVED-OTC-00360,EXECUTED,SNAP_BITCOIN_OTC,1,BLOCK
