transfer_id,originator_id,beneficiary_id,originator_address,beneficiary_address,counterparty_vasp,kyc_status,approved_asset,requested_asset,approved_amount_limit,requested_amount,approved_destination,requested_destination,approved_period_start,approved_period_end,requested_at,external_tx_id,execution_status,public_dataset_basis,risk_label_basis,asset_match,amount_within_limit,destination_match,period_valid,kyc_verified,counterparty_registered,execution_trace_present,policy_decision
DA-TX-00001,ORG-0001,BEN-0001,0xORG000000000000000000000000000000000001,0xBEN000000000000000000000000000000000001,UNREGISTERED,VERIFIED,BTC,ETH,500,40.0,KR-VASP-A,UNREGISTERED,2026-01-01T00:00:00,2026-01-15T23:59:59,2026-01-07T09:00:00,0xTX000000000000,EXECUTED,ELLIPTIC_TIME_STEP_AND_CLASS_PROPORTION,unknown,False,True,False,True,True,False,True,REVIEW
DA-TX-00002,ORG-0002,BEN-0004,0xORG000000000000000000000000000000000002,0xBEN000000000000000000000000000000000006,KR-VASP-B,VERIFIED,ETH,ETH,1000,78.75,KR-VASP-B,KR-VASP-B,2026-01-01T00:00:00,2026-12-31T23:59:59,2026-01-09T09:37:00,0xTX000000007919,EXECUTED,ELLIPTIC_TIME_STEP_AND_CLASS_PROPORTION,unknown,True,True,True,True,True,True,True,PASS
DA-TX-00003,ORG-0003,BEN-0007,0xORG000000000000000000000000000000000003,0xBEN000000000000000000000000000000000011,GLOBAL-VASP-C,VERIFIED,USDT,USDT,2000,132.0,GLOBAL-VASP-C,GLOBAL-VASP-C,2026-01-01T00:00:00,2026-12-31T23:59:59,2026-01-11T10:14:00,0xTX000000015838,EXECUTED,ELLIPTIC_TIME_STEP_AND_CLASS_PROPORTION,unknown,True,True,True,True,True,True,True,PASS
DA-TX-00004,ORG-0004,BEN-0010,0xORG000000000000000000000000000000000004,0xBEN000000000000000000000000000000000016,KR-VASP-A,VERIFIED,USDC,USDC,5000,253.0,KR-VASP-A,KR-VASP-A,2026-01-01T00:00:00,2026-12-31T23:59:59,2026-01-13T10:51:00,0xTX000000023757,EXECUTED,ELLIPTIC_TIME_STEP_AND_CLASS_PROPORTION,unknown,True,True,True,True,True,True,True,PASS
DA-TX-00005,ORG-0005,BEN-0013,0xORG000000000000000000000000000000000005,0xBEN000000000000000000000000000000000021,KR-VASP-B,VERIFIED,BTC,BTC,10000,540.0,KR-VASP-B,KR-VASP-B,2026-01-01T00:00:00,2026-12-31T23:59:59,2026-01-15T11:28:00,0xTX000000031676,EXECUTED,ELLIPTIC_TIME_STEP_AND_CLASS_PROPORTION,unknown,True,True,True,True,True,True,True,PASS
DA-TX-00006,ORG-0006,BEN-0016,0xORG000000000000000000000000000000000006,0xBEN000000000000000000000000000000000026,GLOBAL-VASP-C,VERIFIED,ETH,ETH,500,1125.0,GLOBAL-VASP-C,GLOBAL-VASP-C,2026-01-01T00:00:00,2026-12-31T23:59:59,2026-01-17T12:05:00,0xTX000000039595,EXECUTED,ELLIPTIC_TIME_STEP_AND_CLASS_PROPORTION,unknown,True,False,True,True,True,True,True,BLOCK
DA-TX-00007,ORG-0007,BEN-0019,0xORG000000000000000000000000000000000007,0xBEN000000000000000000000000000000000031,KR-VASP-A,VERIFIED,USDT,USDT,1000,2080.0,KR-VASP-A,KR-VASP-A,2026-01-01T00:00:00,2026-12-31T23:59:59,2026-01-19T12:42:00,0xTX000000047514,EXECUTED,ELLIPTIC_TIME_STEP_AND_CLASS_PROPORTION,unknown,True,False,True,True,True,True,True,BLOCK
DA-TX-00008,ORG-0008,BEN-0022,0xORG000000000000000000000000000000000008,0xBEN000000000000000000000000000000000036,KR-VASP-B,VERIFIED,USDC,USDC,2000,3100.0,KR-VASP-B,KR-VASP-B,2026-01-01T00:00:00,2026-12-31T23:59:59,2026-01-21T13:19:00,0xTX000000055433,EXECUTED,ELLIPTIC_TIME_STEP_AND_CLASS_PROPORTION,unknown,True,False,True,True,True,True,True,BLOCK
DA-TX-00009,ORG-0009,BEN-0025,0xORG000000000000000000000000000000000009,0xBEN000000000000000000000000000000000041,GLOBAL-VASP-C,VERIFIED,BTC,BTC,5000,6510.0,GLOBAL-VASP-C,GLOBAL-VASP-C,2026-01-01T00:00:00,2026-12-31T23:59:59,2026-01-23T13:56:00,0xTX000000063352,EXECUTED,ELLIPTIC_TIME_STEP_AND_CLASS_PROPORTION,unknown,True,False,True,True,True,True,True,BLOCK
DA-TX-00010,ORG-0010,BEN-0028,0xORG000000000000000000000000000000000010,0xBEN000000000000000000000000000000000046,KR-VASP-A,VERIFIED,ETH,ETH,10000,13750.0,KR-VASP-A,KR-VASP-A,2026-01-01T00:00:00,2026-12-31T23:59:59,2026-01-25T14:33:00,0xTX000000071271,EXECUTED,ELLIPTIC_TIME_STEP_AND_CLASS_PROPORTION,unknown,True,False,True,True,True,True,True,BLOCK
DA-TX-00011,ORG-0011,BEN-0031,0xORG000000000000000000000000000000000011,0xBEN000000000000000000000000000000000051,KR-VASP-B,VERIFIED,USDT,USDT,500,46.0,KR-VASP-B,KR-VASP-B,2026-01-01T00:00:00,2026-12-31T23:59:59,2026-01-27T15:10:00,0xTX000000079190,EXECUTED,ELLIPTIC_TIME_STEP_AND_CLASS_PROPORTION,unknown,True,True,True,True,True,True,True,PASS
DA-TX-00012,ORG-0012,BEN-0034,0xORG000000000000000000000000000000000012,0xBEN000000000000000000000000000000000056,GLOBAL-VASP-C,VERIFIED,USDC,USDC,1000,90.0,GLOBAL-VASP-C,GLOBAL-VASP-C,2026-01-01T00:00:00,2026-12-31T23:59:59,2026-01-29T15:47:00,0xTX000000087109,EXECUTED,ELLIPTIC_TIME_STEP_AND_CLASS_PROPORTION,unknown,True,True,True,True,True,True,True,PASS
DA-TX-00013,ORG-0013,BEN-0037,0xORG000000000000000000000000000000000013,0xBEN000000000000000000000000000000000061,KR-VASP-A,VERIFIED,BTC,BTC,2000,150.0,KR-VASP-A,KR-VASP-A,2026-01-01T00:00:00,2026-12-31T23:59:59,2026-01-31T16:24:00,0xTX000000095028,EXECUTED,ELLIPTIC_TIME_STEP_AND_CLASS_PROPORTION,unknown,True,True,True,True,True,True,True,PASS
DA-TX-00014,ORG-0014,BEN-0040,0xORG000000000000000000000000000000000014,0xBEN000000000000000000000000000000000066,KR-VASP-B,VERIFIED,ETH,USDT,5000,286.0,KR-VASP-B,KR-VASP-B,2026-01-01T00:00:00,2026-12-31T23:59:59,2026-02-02T17:01:00,0xTX000000102947,EXECUTED,ELLIPTIC_TIME_STEP_AND_CLASS_PROPORTION,unknown,False,True,True,True,True,True,True,BLOCK
DA-TX-00015,ORG-0015,BEN-0043,0xORG000000000000000000000000000000000015,0xBEN000000000000000000000000000000000071,GLOBAL-VASP-C,VERIFIED,USDT,USDT,10000,450.0,GLOBAL-VASP-C,GLOBAL-VASP-C,2026-01-01T00:00:00,2026-12-31T23:59:59,2026-02-04T17:38:00,0xTX000000110866,EXECUTED,ELLIPTIC_TIME_STEP_AND_CLASS_PROPORTION,unknown,True,True,True,True,True,True,True,PASS
DA-TX-00016,ORG-0016,BEN-0046,0xORG000000000000000000000000000000000016,0xBEN000000000000000000000000000000000076,KR-VASP-A,VERIFIED,USDC,USDC,500,945.0,KR-VASP-A,KR-VASP-A,2026-01-01T00:00:00,2026-12-31T23:59:59,2026-02-06T18:15:00,0xTX000000118785,EXECUTED,ELLIPTIC_TIME_STEP_AND_CLASS_PROPORTION,unknown,True,False,True,True,True,True,True,BLOCK
DA-TX-00017,ORG-0017,BEN-0049,0xORG000000000000000000000000000000000017,0xBEN000000000000000000000000000000000081,KR-VASP-B,VERIFIED,BTC,BTC,1000,1760.0,KR-VASP-B,KR-VASP-B,2026-01-01T00:00:00,2026-12-31T23:59:59,2026-02-08T18:52:00,0xTX000000126704,EXECUTED,ELLIPTIC_TIME_STEP_AND_CLASS_PROPORTION,unknown,True,False,True,True,True,True,True,BLOCK
DA-TX-00018,ORG-0018,BEN-0052,0xORG000000000000000000000000000000000018,0xBEN000000000000000000000000000000000086,UNREGISTERED,VERIFIED,ETH,ETH,2000,3565.0,GLOBAL-VASP-C,UNREGISTERED,2026-01-01T00:00:00,2026-12-31T23:59:59,2026-02-10T19:29:00,0xTX000000134623,EXECUTED,ELLIPTIC_TIME_STEP_AND_CLASS_PROPORTION,unknown,True,False,False,True,True,False,True,REVIEW
DA-TX-00019,ORG-0019,BEN-0055,0xORG000000000000000000000000000000000019,0xBEN000000000000000000000000000000000091,KR-VASP-A,VERIFIED,USDT,USDT,5000,7440.0,KR-VASP-A,KR-VASP-A,2026-01-01T00:00:00,2026-12-31T23:59:59,2026-02-12T20:06:00,0xTX000000142542,EXECUTED,ELLIPTIC_TIME_STEP_AND_CLASS_PROPORTION,unknown,True,False,True,True,True,True,True,BLOCK
DA-TX-00020,ORG-0020,BEN-0058,0xORG000000000000000000000000000000000020,0xBEN000000000000000000000000000000000001,KR-VASP-B,VERIFIED,USDC,USDC,10000,15625.0,KR-VASP-B,KR-VASP-B,2026-01-01T00:00:00,2026-01-15T23:59:59,2026-02-14T20:43:00,0xTX000000150461,EXECUTED,ELLIPTIC_TIME_STEP_AND_CLASS_PROPORTION,unknown,True,False,True,False,True,True,True,BLOCK
DA-TX-00021,ORG-0021,BEN-0061,0xORG000000000000000000000000000000000021,0xBEN000000000000000000000000000000000006,GLOBAL-VASP-C,VERIFIED,BTC,BTC,500,52.0,GLOBAL-VASP-C,GLOBAL-VASP-C,2026-01-01T00:00:00,2026-12-31T23:59:59,2026-02-16T21:20:00,0xTX000000158380,EXECUTED,ELLIPTIC_TIME_STEP_AND_CLASS_PROPORTION,unknown,True,True,True,True,True,True,True,PASS
DA-TX-00022,ORG-0022,BEN-0064,0xORG000000000000000000000000000000000022,0xBEN000000000000000000000000000000000011,KR-VASP-A,VERIFIED,ETH,ETH,1000,75.0,KR-VASP-A,KR-VASP-A,2026-01-01T00:00:00,2026-12-31T23:59:59,2026-02-18T21:57:00,0xTX000000166299,EXECUTED,ELLIPTIC_TIME_STEP_AND_CLASS_PROPORTION,unknown,True,True,True,True,True,True,True,PASS
DA-TX-00023,ORG-0023,BEN-0067,0xORG000000000000000000000000000000000023,0xBEN000000000000000000000000000000000016,KR-VASP-B,VERIFIED,USDT,USDT,2000,126.0,KR-VASP-B,KR-VASP-B,2026-01-01T00:00:00,2026-12-31T23:59:59,2026-02-20T22:34:00,0xTX000000174218,EXECUTED,ELLIPTIC_TIME_STEP_AND_CLASS_PROPORTION,unknown,True,True,True,True,True,True,True,PASS
DA-TX-00024,ORG-0024,BEN-0070,0xORG000000000000000000000000000000000024,0xBEN000000000000000000000000000000000021,GLOBAL-VASP-C,VERIFIED,USDC,USDC,5000,242.0,GLOBAL-VASP-C,GLOBAL-VASP-C,2026-01-01T00:00:00,2026-12-31T23:59:59,2026-02-22T23:11:00,0xTX000000182137,EXECUTED,ELLIPTIC_TIME_STEP_AND_CLASS_PROPORTION,unknown,True,True,True,True,True,True,True,PASS
DA-TX-00025,ORG-0025,BEN-0002,0xORG000000000000000000000000000000000025,0xBEN000000000000000000000000000000000026,KR-VASP-A,VERIFIED,BTC,BTC,10000,517.5,KR-VASP-A,KR-VASP-A,2026-01-01T00:00:00,2026-12-31T23:59:59,2026-02-24T23:48:00,0xTX000000190056,EXECUTED,ELLIPTIC_TIME_STEP_AND_CLASS_PROPORTION,unknown,True,True,True,True,True,True,True,PASS
DA-TX-00026,ORG-0026,BEN-0005,0xORG000000000000000000000000000000000026,0xBEN000000000000000000000000000000000031,KR-VASP-B,VERIFIED,ETH,ETH,500,1080.0,KR-VASP-B,KR-VASP-B,2026-01-01T00:00:00,2026-12-31T23:59:59,2026-02-27T00:25:00,0xTX000000197975,EXECUTED,ELLIPTIC_TIME_STEP_AND_CLASS_PROPORTION,unknown,True,False,True,True,True,True,True,BLOCK
DA-TX-00027,ORG-0027,BEN-0008,0xORG000000000000000000000000000000000027,0xBEN000000000000000000000000000000000036,GLOBAL-VASP-C,VERIFIED,USDT,USDC,1000,2000.0,GLOBAL-VASP-C,GLOBAL-VASP-C,2026-01-01T00:00:00,2026-12-31T23:59:59,2026-03-01T01:02:00,0xTX000000205894,EXECUTED,ELLIPTIC_TIME_STEP_AND_CLASS_PROPORTION,unknown,False,False,True,True,True,True,True,BLOCK
DA-TX-00028,ORG-0028,BEN-0011,0xORG000000000000000000000000000000000028,0xBEN000000000000000000000000000000000041,KR-VASP-A,VERIFIED,USDC,USDC,2000,4030.0,KR-VASP-A,KR-VASP-A,2026-01-01T00:00:00,2026-12-31T23:59:59,2026-03-03T01:39:00,0xTX000000213813,EXECUTED,ELLIPTIC_TIME_STEP_AND_CLASS_PROPORTION,unknown,True,False,True,True,True,True,True,BLOCK
DA-TX-00029,ORG-0029,BEN-0014,0xORG000000000000000000000000000000000029,0xBEN000000000000000000000000000000000046,KR-VASP-B,VERIFIED,BTC,BTC,5000,6200.0,KR-VASP-B,KR-VASP-B,2026-01-01T00:00:00,2026-12-31T23:59:59,2026-03-05T02:16:00,0xTX000000221732,EXECUTED,ELLIPTIC_TIME_STEP_AND_CLASS_PROPORTION,unknown,True,False,True,True,True,True,True,BLOCK
DA-TX-00030,ORG-0030,BEN-0017,0xORG000000000000000000000000000000000030,0xBEN000000000000000000000000000000000051,GLOBAL-VASP-C,VERIFIED,ETH,ETH,10000,13125.0,GLOBAL-VASP-C,GLOBAL-VASP-C,2026-01-01T00:00:00,2026-12-31T23:59:59,2026-03-07T02:53:00,0xTX000000229651,EXECUTED,ELLIPTIC_TIME_STEP_AND_CLASS_PROPORTION,unknown,True,False,True,True,True,True,True,BLOCK
DA-TX-00031,ORG-0031,BEN-0020,0xORG000000000000000000000000000000000031,0xBEN000000000000000000000000000000000056,KR-VASP-A,VERIFIED,USDT,USDT,500,44.0,KR-VASP-A,KR-VASP-A,2026-01-01T00:00:00,2026-12-31T23:59:59,2026-03-09T03:30:00,0xTX000000237570,EXECUTED,ELLIPTIC_TIME_STEP_AND_CLASS_PROPORTION,unknown,True,True,True,True,True,True,True,PASS
DA-TX-00032,ORG-0032,BEN-0023,0xORG000000000000000000000000000000000032,0xBEN000000000000000000000000000000000061,KR-VASP-B,VERIFIED,USDC,USDC,1000,86.25,KR-VASP-B,KR-VASP-B,2026-01-01T00:00:00,2026-12-31T23:59:59,2026-03-11T04:07:00,0xTX000000245489,EXECUTED,ELLIPTIC_TIME_STEP_AND_CLASS_PROPORTION,unknown,True,True,True,True,True,True,True,PASS
DA-TX-00033,ORG-0033,BEN-0026,0xORG000000000000000000000000000000000033,0xBEN000000000000000000000000000000000066,GLOBAL-VASP-C,VERIFIED,BTC,BTC,2000,144.0,GLOBAL-VASP-C,GLOBAL-VASP-C,2026-01-01T00:00:00,2026-12-31T23:59:59,2026-03-13T04:44:00,0xTX000000253408,EXECUTED,ELLIPTIC_TIME_STEP_AND_CLASS_PROPORTION,unknown,True,True,True,True,True,True,True,PASS
DA-TX-00034,ORG-0034,BEN-0029,0xORG000000000000000000000000000000000034,0xBEN000000000000000000000000000000000071,KR-VASP-A,VERIFIED,ETH,ETH,5000,275.0,KR-VASP-A,KR-VASP-A,2026-01-01T00:00:00,2026-12-31T23:59:59,2026-03-15T05:21:00,0xTX000000261327,EXECUTED,ELLIPTIC_TIME_STEP_AND_CLASS_PROPORTION,unknown,True,True,True,True,True,True,True,PASS
DA-TX-00035,ORG-0035,BEN-0032,0xORG000000000000000000000000000000000035,0xBEN000000000000000000000000000000000076,UNREGISTERED,VERIFIED,USDT,USDT,10000,585.0,KR-VASP-B,UNREGISTERED,2026-01-01T00:00:00,2026-12-31T23:59:59,2026-03-17T05:58:00,0xTX000000269246,EXECUTED,ELLIPTIC_TIME_STEP_AND_CLASS_PROPORTION,unknown,True,True,False,True,True,False,True,REVIEW
DA-TX-00036,ORG-0036,BEN-0035,0xORG000000000000000000000000000000000036,0xBEN000000000000000000000000000000000081,GLOBAL-VASP-C,VERIFIED,USDC,USDC,500,900.0,GLOBAL-VASP-C,GLOBAL-VASP-C,2026-01-01T00:00:00,2026-12-31T23:59:59,2026-03-19T06:35:00,0xTX000000277165,EXECUTED,ELLIPTIC_TIME_STEP_AND_CLASS_PROPORTION,unknown,True,False,True,True,True,True,True,BLOCK
DA-TX-00037,ORG-0037,BEN-0038,0xORG000000000000000000000000000000000037,0xBEN000000000000000000000000000000000086,KR-VASP-A,VERIFIED,BTC,BTC,1000,1680.0,KR-VASP-A,KR-VASP-A,2026-01-01T00:00:00,2026-12-31T23:59:59,2026-03-21T07:12:00,0xTX000000285084,EXECUTED,ELLIPTIC_TIME_STEP_AND_CLASS_PROPORTION,unknown,True,False,True,True,True,True,True,BLOCK
DA-TX-00038,ORG-0038,BEN-0041,0xORG000000000000000000000000000000000038,0xBEN000000000000000000000000000000000091,KR-VASP-B,VERIFIED,ETH,ETH,2000,3410.0,KR-VASP-B,KR-VASP-B,2026-01-01T00:00:00,2026-12-31T23:59:59,2026-03-23T07:49:00,0xTX000000293003,EXECUTED,ELLIPTIC_TIME_STEP_AND_CLASS_PROPORTION,unknown,True,False,True,True,True,True,True,BLOCK
DA-TX-00039,ORG-0039,BEN-0044,0xORG000000000000000000000000000000000039,0xBEN000000000000000000000000000000000001,GLOBAL-VASP-C,VERIFIED,USDT,USDT,5000,7130.0,GLOBAL-VASP-C,GLOBAL-VASP-C,2026-01-01T00:00:00,2026-01-15T23:59:59,2026-03-25T08:26:00,0xTX000000300922,EXECUTED,ELLIPTIC_TIME_STEP_AND_CLASS_PROPORTION,unknown,True,False,True,False,True,True,True,BLOCK
DA-TX-00040,ORG-0040,BEN-0047,0xORG000000000000000000000000000000000040,0xBEN000000000000000000000000000000000006,KR-VASP-A,VERIFIED,USDC,BTC,10000,15000.0,KR-VASP-A,KR-VASP-A,2026-01-01T00:00:00,2026-12-31T23:59:59,2026-03-26T09:03:00,0xTX000000308841,EXECUTED,ELLIPTIC_TIME_STEP_AND_CLASS_PROPORTION,unknown,False,False,True,True,True,True,True,BLOCK
DA-TX-00041,ORG-0041,BEN-0050,0xORG000000000000000000000000000000000041,0xBEN000000000000000000000000000000000011,KR-VASP-B,VERIFIED,BTC,BTC,500,50.0,KR-VASP-B,KR-VASP-B,2026-01-01T00:00:00,2026-12-31T23:59:59,2026-03-28T09:40:00,0xTX000000316760,EXECUTED,ELLIPTIC_TIME_STEP_AND_CLASS_PROPORTION,unknown,True,True,True,True,True,True,True,PASS
DA-TX-00042,ORG-0042,BEN-0053,0xORG000000000000000000000000000000000042,0xBEN000000000000000000000000000000000016,GLOBAL-VASP-C,VERIFIED,ETH,ETH,1000,97.5,GLOBAL-VASP-C,GLOBAL-VASP-C,2026-01-01T00:00:00,2026-12-31T23:59:59,2026-03-30T10:17:00,0xTX000000324679,EXECUTED,ELLIPTIC_TIME_STEP_AND_CLASS_PROPORTION,unknown,True,True,True,True,True,True,True,PASS
DA-TX-00043,ORG-0043,BEN-0056,0xORG000000000000000000000000000000000043,0xBEN000000000000000000000000000000000021,KR-VASP-A,VERIFIED,USDT,USDT,2000,120.0,KR-VASP-A,KR-VASP-A,2026-01-01T00:00:00,2026-12-31T23:59:59,2026-04-01T10:54:00,0xTX000000332598,EXECUTED,ELLIPTIC_TIME_STEP_AND_CLASS_PROPORTION,unknown,True,True,True,True,True,True,True,PASS
DA-TX-00044,ORG-0044,BEN-0059,0xORG000000000000000000000000000000000044,0xBEN000000000000000000000000000000000026,KR-VASP-B,VERIFIED,USDC,USDC,5000,231.0,KR-VASP-B,KR-VASP-B,2026-01-01T00:00:00,2026-12-31T23:59:59,2026-04-03T11:31:00,0xTX000000340517,EXECUTED,ELLIPTIC_TIME_STEP_AND_CLASS_PROPORTION,unknown,True,True,True,True,True,True,True,PASS
DA-TX-00045,ORG-0045,BEN-0062,0xORG000000000000000000000000000000000045,0xBEN000000000000000000000000000000000031,GLOBAL-VASP-C,VERIFIED,BTC,BTC,10000,495.0,GLOBAL-VASP-C,GLOBAL-VASP-C,2026-01-01T00:00:00,2026-12-31T23:59:59,2026-04-05T12:08:00,0xTX000000348436,EXECUTED,ELLIPTIC_TIME_STEP_AND_CLASS_PROPORTION,unknown,True,True,True,True,True,True,True,PASS
DA-TX-00046,ORG-0046,BEN-0065,0xORG000000000000000000000000000000000046,0xBEN000000000000000000000000000000000036,KR-VASP-A,VERIFIED,ETH,ETH,500,1035.0,KR-VASP-A,KR-VASP-A,2026-01-01T00:00:00,2026-12-31T23:59:59,2026-04-07T12:45:00,0xTX000000356355,EXECUTED,ELLIPTIC_TIME_STEP_AND_CLASS_PROPORTION,unknown,True,False,True,True,True,True,True,BLOCK
DA-TX-00047,ORG-0047,BEN-0068,0xORG000000000000000000000000000000000047,0xBEN000000000000000000000000000000000041,KR-VASP-B,VERIFIED,USDT,USDT,1000,1920.0,KR-VASP-B,KR-VASP-B,2026-01-01T00:00:00,2026-12-31T23:59:59,2026-04-09T13:22:00,0xTX000000364274,EXECUTED,ELLIPTIC_TIME_STEP_AND_CLASS_PROPORTION,unknown,True,False,True,True,True,True,True,BLOCK
DA-TX-00048,ORG-0048,BEN-0071,0xORG000000000000000000000000000000000048,0xBEN000000000000000000000000000000000046,GLOBAL-VASP-C,VERIFIED,USDC,USDC,2000,3875.0,GLOBAL-VASP-C,GLOBAL-VASP-C,2026-01-01T00:00:00,2026-12-31T23:59:59,2026-04-11T13:59:00,0xTX000000372193,EXECUTED,ELLIPTIC_TIME_STEP_AND_CLASS_PROPORTION,unknown,True,False,True,True,True,True,True,BLOCK
DA-TX-00049,ORG-0049,BEN-0003,0xORG000000000000000000000000000000000049,0xBEN000000000000000000000000000000000051,KR-VASP-A,VERIFIED,BTC,BTC,5000,8060.0,KR-VASP-A,KR-VASP-A,2026-01-01T00:00:00,2026-12-31T23:59:59,2026-04-13T14:36:00,0xTX000000380112,EXECUTED,ELLIPTIC_TIME_STEP_AND_CLASS_PROPORTION,unknown,True,False,True,True,True,True,True,BLOCK
DA-TX-00050,ORG-0050,BEN-0006,0xORG000000000000000000000000000000000050,0xBEN000000000000000000000000000000000056,KR-VASP-B,VERIFIED,ETH,ETH,10000,12500.0,KR-VASP-B,KR-VASP-B,2026-01-01T00:00:00,2026-12-31T23:59:59,2026-01-07T15:13:00,0xTX000000388031,EXECUTED,ELLIPTIC_TIME_STEP_AND_CLASS_PROPORTION,unknown,True,False,True,True,True,True,True,BLOCK
DA-TX-00051,ORG-0051,BEN-0009,0xORG000000000000000000000000000000000051,0xBEN000000000000000000000000000000000061,GLOBAL-VASP-C,VERIFIED,USDT,USDT,500,42.0,GLOBAL-VASP-C,GLOBAL-VASP-C,2026-01-01T00:00:00,2026-12-31T23:59:59,2026-01-09T15:50:00,0xTX000000395950,EXECUTED,ELLIPTIC_TIME_STEP_AND_CLASS_PROPORTION,unknown,True,True,True,True,True,True,True,PASS
DA-TX-00052,ORG-0052,BEN-0012,0xORG000000000000000000000000000000000052,0xBEN000000000000000000000000000000000066,UNREGISTERED,VERIFIED,USDC,USDC,1000,82.5,KR-VASP-A,UNREGISTERED,2026-01-01T00:00:00,2026-12-31T23:59:59,2026-01-11T16:27:00,0xTX000000403869,EXECUTED,ELLIPTIC_TIME_STEP_AND_CLASS_PROPORTION,unknown,True,True,False,True,True,False,True,REVIEW
DA-TX-00053,ORG-0053,BEN-0015,0xORG000000000000000000000000000000000053,0xBEN000000000000000000000000000000000071,KR-VASP-B,VERIFIED,BTC,ETH,2000,138.0,KR-VASP-B,KR-VASP-B,2026-01-01T00:00:00,2026-12-31T23:59:59,2026-01-13T17:04:00,0xTX000000411788,EXECUTED,ELLIPTIC_TIME_STEP_AND_CLASS_PROPORTION,unknown,False,True,True,True,True,True,True,BLOCK
DA-TX-00054,ORG-0054,BEN-0018,0xORG000000000000000000000000000000000054,0xBEN000000000000000000000000000000000076,GLOBAL-VASP-C,VERIFIED,ETH,ETH,5000,264.0,GLOBAL-VASP-C,GLOBAL-VASP-C,2026-01-01T00:00:00,2026-12-31T23:59:59,2026-01-15T17:41:00,0xTX000000419707,EXECUTED,ELLIPTIC_TIME_STEP_AND_CLASS_PROPORTION,unknown,True,True,True,True,True,True,True,PASS
DA-TX-00055,ORG-0055,BEN-0021,0xORG000000000000000000000000000000000055,0xBEN000000000000000000000000000000000081,KR-VASP-A,VERIFIED,USDT,USDT,10000,562.5,KR-VASP-A,KR-VASP-A,2026-01-01T00:00:00,2026-12-31T23:59:59,2026-01-17T18:18:00,0xTX000000427626,EXECUTED,ELLIPTIC_TIME_STEP_AND_CLASS_PROPORTION,unknown,True,True,True,True,True,True,True,PASS
DA-TX-00056,ORG-0001,BEN-0024,0xORG000000000000000000000000000000000056,0xBEN000000000000000000000000000000000086,KR-VASP-B,VERIFIED,USDC,USDC,500,1170.0,KR-VASP-B,KR-VASP-B,2026-01-01T00:00:00,2026-12-31T23:59:59,2026-01-19T18:55:00,0xTX000000435545,EXECUTED,ELLIPTIC_TIME_STEP_AND_CLASS_PROPORTION,unknown,True,False,True,True,True,True,True,BLOCK
DA-TX-00057,ORG-0002,BEN-0027,0xORG000000000000000000000000000000000057,0xBEN000000000000000000000000000000000091,GLOBAL-VASP-C,VERIFIED,BTC,BTC,1000,1600.0,GLOBAL-VASP-C,GLOBAL-VASP-C,2026-01-01T00:00:00,2026-12-31T23:59:59,2026-01-21T19:32:00,0xTX000000443464,EXECUTED,ELLIPTIC_TIME_STEP_AND_CLASS_PROPORTION,unknown,True,False,True,True,True,True,True,BLOCK
DA-TX-00058,ORG-0003,BEN-0030,0xORG000000000000000000000000000000000058,0xBEN000000000000000000000000000000000001,KR-VASP-A,VERIFIED,ETH,ETH,2000,3255.0,KR-VASP-A,KR-VASP-A,2026-01-01T00:00:00,2026-01-15T23:59:59,2026-01-23T20:09:00,0xTX000000451383,EXECUTED,ELLIPTIC_TIME_STEP_AND_CLASS_PROPORTION,unknown,True,False,True,False,True,True,True,BLOCK
DA-TX-00059,ORG-0004,BEN-0033,0xORG000000000000000000000000000000000059,0xBEN000000000000000000000000000000000006,KR-VASP-B,VERIFIED,USDT,USDT,5000,6820.0,KR-VASP-B,KR-VASP-B,2026-01-01T00:00:00,2026-12-31T23:59:59,2026-01-25T20:46:00,0xTX000000459302,EXECUTED,ELLIPTIC_TIME_STEP_AND_CLASS_PROPORTION,unknown,True,False,True,True,True,True,True,BLOCK
DA-TX-00060,ORG-0005,BEN-0036,0xORG000000000000000000000000000000000060,0xBEN000000000000000000000000000000000011,GLOBAL-VASP-C,VERIFIED,USDC,USDC,10000,14375.0,GLOBAL-VASP-C,GLOBAL-VASP-C,2026-01-01T00:00:00,2026-12-31T23:59:59,2026-01-27T21:23:00,0xTX000000467221,EXECUTED,ELLIPTIC_TIME_STEP_AND_CLASS_PROPORTION,unknown,True,False,True,True,True,True,True,BLOCK
DA-TX-00061,ORG-0006,BEN-0039,0xORG000000000000000000000000000000000061,0xBEN000000000000000000000000000000000016,KR-VASP-A,VERIFIED,BTC,BTC,500,48.0,KR-VASP-A,KR-VASP-A,2026-01-01T00:00:00,2026-12-31T23:59:59,2026-01-29T22:00:00,0xTX000000475140,EXECUTED,ELLIPTIC_TIME_STEP_AND_CLASS_PROPORTION,unknown,True,True,True,True,True,True,True,PASS
DA-TX-00062,ORG-0007,BEN-0042,0xORG000000000000000000000000000000000062,0xBEN000000000000000000000000000000000021,KR-VASP-B,VERIFIED,ETH,ETH,1000,93.75,KR-VASP-B,KR-VASP-B,2026-01-01T00:00:00,2026-12-31T23:59:59,2026-01-31T22:37:00,0xTX000000483059,EXECUTED,ELLIPTIC_TIME_STEP_AND_CLASS_PROPORTION,unknown,True,True,True,True,True,True,True,PASS
DA-TX-00063,ORG-0008,BEN-0045,0xORG000000000000000000000000000000000063,0xBEN000000000000000000000000000000000026,GLOBAL-VASP-C,VERIFIED,USDT,USDT,2000,156.0,GLOBAL-VASP-C,GLOBAL-VASP-C,2026-01-01T00:00:00,2026-12-31T23:59:59,2026-02-02T23:14:00,0xTX000000490978,EXECUTED,ELLIPTIC_TIME_STEP_AND_CLASS_PROPORTION,unknown,True,True,True,True,True,True,True,PASS
DA-TX-00064,ORG-0009,BEN-0048,0xORG000000000000000000000000000000000064,0xBEN000000000000000000000000000000000031,KR-VASP-A,VERIFIED,USDC,USDC,5000,220.0,KR-VASP-A,KR-VASP-A,2026-01-01T00:00:00,2026-12-31T23:59:59,2026-02-04T23:51:00,0xTX000000498897,EXECUTED,ELLIPTIC_TIME_STEP_AND_CLASS_PROPORTION,unknown,True,True,True,True,True,True,True,PASS
DA-TX-00065,ORG-0010,BEN-0051,0xORG000000000000000000000000000000000065,0xBEN000000000000000000000000000000000036,KR-VASP-B,VERIFIED,BTC,BTC,10000,472.5,KR-VASP-B,KR-VASP-B,2026-01-01T00:00:00,2026-12-31T23:59:59,2026-02-07T00:28:00,0xTX000000506816,EXECUTED,ELLIPTIC_TIME_STEP_AND_CLASS_PROPORTION,unknown,True,True,True,True,True,True,True,PASS
DA-TX-00066,ORG-0011,BEN-0054,0xORG000000000000000000000000000000000066,0xBEN000000000000000000000000000000000041,GLOBAL-VASP-C,VERIFIED,ETH,USDT,500,990.0,GLOBAL-VASP-C,GLOBAL-VASP-C,2026-01-01T00:00:00,2026-12-31T23:59:59,2026-02-09T01:05:00,0xTX000000514735,EXECUTED,ELLIPTIC_TIME_STEP_AND_CLASS_PROPORTION,unknown,False,False,True,True,True,True,True,BLOCK
DA-TX-00067,ORG-0012,BEN-0057,0xORG000000000000000000000000000000000067,0xBEN000000000000000000000000000000000046,KR-VASP-A,VERIFIED,USDT,USDT,1000,1840.0,KR-VASP-A,KR-VASP-A,2026-01-01T00:00:00,2026-12-31T23:59:59,2026-02-11T01:42:00,0xTX000000522654,EXECUTED,ELLIPTIC_TIME_STEP_AND_CLASS_PROPORTION,unknown,True,False,True,True,True,True,True,BLOCK
DA-TX-00068,ORG-0013,BEN-0060,0xORG000000000000000000000000000000000068,0xBEN000000000000000000000000000000000051,KR-VASP-B,VERIFIED,USDC,USDC,2000,3720.0,KR-VASP-B,KR-VASP-B,2026-01-01T00:00:00,2026-12-31T23:59:59,2026-02-13T02:19:00,0xTX000000530573,EXECUTED,ELLIPTIC_TIME_STEP_AND_CLASS_PROPORTION,unknown,True,False,True,True,True,True,True,BLOCK
DA-TX-00069,ORG-0014,BEN-0063,0xORG000000000000000000000000000000000069,0xBEN000000000000000000000000000000000056,UNREGISTERED,VERIFIED,BTC,BTC,5000,7750.0,GLOBAL-VASP-C,UNREGISTERED,2026-01-01T00:00:00,2026-12-31T23:59:59,2026-02-15T02:56:00,0xTX000000538492,EXECUTED,ELLIPTIC_TIME_STEP_AND_CLASS_PROPORTION,unknown,True,False,False,True,True,False,True,REVIEW
DA-TX-00070,ORG-0015,BEN-0066,0xORG000000000000000000000000000000000070,0xBEN000000000000000000000000000000000061,KR-VASP-A,VERIFIED,ETH,ETH,10000,16250.0,KR-VASP-A,KR-VASP-A,2026-01-01T00:00:00,2026-12-31T23:59:59,2026-02-17T03:33:00,0xTX000000546411,EXECUTED,ELLIPTIC_TIME_STEP_AND_CLASS_PROPORTION,unknown,True,False,True,True,True,True,True,BLOCK
DA-TX-00071,ORG-0016,BEN-0069,0xORG000000000000000000000000000000000071,0xBEN000000000000000000000000000000000066,KR-VASP-B,VERIFIED,USDT,USDT,500,40.0,KR-VASP-B,KR-VASP-B,2026-01-01T00:00:00,2026-12-31T23:59:59,2026-02-19T04:10:00,0xTX000000554330,EXECUTED,ELLIPTIC_TIME_STEP_AND_CLASS_PROPORTION,unknown,True,True,True,True,True,True,True,PASS
DA-TX-00072,ORG-0017,BEN-0001,0xORG000000000000000000000000000000000072,0xBEN000000000000000000000000000000000071,GLOBAL-VASP-C,VERIFIED,USDC,USDC,1000,78.75,GLOBAL-VASP-C,GLOBAL-VASP-C,2026-01-01T00:00:00,2026-12-31T23:59:59,2026-02-21T04:47:00,0xTX000000562249,EXECUTED,ELLIPTIC_TIME_STEP_AND_CLASS_PROPORTION,unknown,True,True,True,True,True,True,True,PASS
DA-TX-00073,ORG-0018,BEN-0004,0xORG000000000000000000000000000000000073,0xBEN000000000000000000000000000000000076,KR-VASP-A,VERIFIED,BTC,BTC,2000,132.0,KR-VASP-A,KR-VASP-A,2026-01-01T00:00:00,2026-12-31T23:59:59,2026-02-23T05:24:00,0xTX000000570168,EXECUTED,ELLIPTIC_TIME_STEP_AND_CLASS_PROPORTION,unknown,True,True,True,True,True,True,True,PASS
DA-TX-00074,ORG-0019,BEN-0007,0xORG000000000000000000000000000000000074,0xBEN000000000000000000000000000000000081,KR-VASP-B,VERIFIED,ETH,ETH,5000,253.0,KR-VASP-B,KR-VASP-B,2026-01-01T00:00:00,2026-12-31T23:59:59,2026-02-25T06:01:00,0xTX000000578087,EXECUTED,ELLIPTIC_TIME_STEP_AND_CLASS_PROPORTION,unknown,True,True,True,True,True,True,True,PASS
DA-TX-00075,ORG-0020,BEN-0010,0xORG000000000000000000000000000000000075,0xBEN000000000000000000000000000000000086,GLOBAL-VASP-C,VERIFIED,USDT,USDT,10000,540.0,GLOBAL-VASP-C,GLOBAL-VASP-C,2026-01-01T00:00:00,2026-12-31T23:59:59,2026-02-27T06:38:00,0xTX000000586006,EXECUTED,ELLIPTIC_TIME_STEP_AND_CLASS_PROPORTION,unknown,True,True,True,True,True,True,True,PASS
DA-TX-00076,ORG-0021,BEN-0013,0xORG000000000000000000000000000000000076,0xBEN000000000000000000000000000000000091,KR-VASP-A,VERIFIED,USDC,USDC,500,1125.0,KR-VASP-A,KR-VASP-A,2026-01-01T00:00:00,2026-12-31T23:59:59,2026-03-01T07:15:00,0xTX000000593925,EXECUTED,ELLIPTIC_TIME_STEP_AND_CLASS_PROPORTION,unknown,True,False,True,True,True,True,True,BLOCK
DA-TX-00077,ORG-0022,BEN-0016,0xORG000000000000000000000000000000000077,0xBEN000000000000000000000000000000000001,KR-VASP-B,VERIFIED,BTC,BTC,1000,2080.0,KR-VASP-B,KR-VASP-B,2026-01-01T00:00:00,2026-01-15T23:59:59,2026-03-03T07:52:00,0xTX000000601844,EXECUTED,ELLIPTIC_TIME_STEP_AND_CLASS_PROPORTION,unknown,True,False,True,False,True,True,True,BLOCK
DA-TX-00078,ORG-0023,BEN-0019,0xORG000000000000000000000000000000000078,0xBEN000000000000000000000000000000000006,GLOBAL-VASP-C,VERIFIED,ETH,ETH,2000,3100.0,GLOBAL-VASP-C,GLOBAL-VASP-C,2026-01-01T00:00:00,2026-12-31T23:59:59,2026-03-05T08:29:00,0xTX000000609763,EXECUTED,ELLIPTIC_TIME_STEP_AND_CLASS_PROPORTION,licit,True,False,True,True,True,True,True,BLOCK
DA-TX-00079,ORG-0024,BEN-0022,0xORG000000000000000000000000000000000079,0xBEN000000000000000000000000000000000011,KR-VASP-A,PENDING,USDT,USDC,5000,6510.0,KR-VASP-A,KR-VASP-A,2026-01-01T00:00:00,2026-12-31T23:59:59,2026-03-06T09:06:00,0xTX000000617682,EXECUTED,ELLIPTIC_TIME_STEP_AND_CLASS_PROPORTION,licit,False,False,True,True,False,True,True,REVIEW
DA-TX-00080,ORG-0025,BEN-0025,0xORG000000000000000000000000000000000080,0xBEN000000000000000000000000000000000016,KR-VASP-B,PENDING,USDC,USDC,10000,13750.0,KR-VASP-B,KR-VASP-B,2026-01-01T00:00:00,2026-12-31T23:59:59,2026-03-08T09:43:00,0xTX000000625601,EXECUTED,ELLIPTIC_TIME_STEP_AND_CLASS_PROPORTION,licit,True,False,True,True,False,True,True,REVIEW
DA-TX-00081,ORG-0026,BEN-0028,0xORG000000000000000000000000000000000001,0xBEN000000000000000000000000000000000021,GLOBAL-VASP-C,PENDING,BTC,BTC,500,46.0,GLOBAL-VASP-C,GLOBAL-VASP-C,2026-01-01T00:00:00,2026-12-31T23:59:59,2026-03-10T10:20:00,0xTX000000633520,EXECUTED,ELLIPTIC_TIME_STEP_AND_CLASS_PROPORTION,licit,True,True,True,True,False,True,True,REVIEW
DA-TX-00082,ORG-0027,BEN-0031,0xORG000000000000000000000000000000000002,0xBEN000000000000000000000000000000000026,KR-VASP-A,PENDING,ETH,ETH,1000,90.0,KR-VASP-A,KR-VASP-A,2026-01-01T00:00:00,2026-12-31T23:59:59,2026-03-12T10:57:00,0xTX000000641439,EXECUTED,ELLIPTIC_TIME_STEP_AND_CLASS_PROPORTION,licit,True,True,True,True,False,True,True,REVIEW
DA-TX-00083,ORG-0028,BEN-0034,0xORG000000000000000000000000000000000003,0xBEN000000000000000000000000000000000031,KR-VASP-B,PENDING,USDT,USDT,2000,150.0,KR-VASP-B,KR-VASP-B,2026-01-01T00:00:00,2026-12-31T23:59:59,2026-03-14T11:34:00,0xTX000000649358,EXECUTED,ELLIPTIC_TIME_STEP_AND_CLASS_PROPORTION,licit,True,True,True,True,False,True,True,REVIEW
DA-TX-00084,ORG-0029,BEN-0037,0xORG000000000000000000000000000000000004,0xBEN000000000000000000000000000000000036,GLOBAL-VASP-C,PENDING,USDC,USDC,5000,286.0,GLOBAL-VASP-C,GLOBAL-VASP-C,2026-01-01T00:00:00,2026-12-31T23:59:59,2026-03-16T12:11:00,0xTX000000657277,EXECUTED,ELLIPTIC_TIME_STEP_AND_CLASS_PROPORTION,licit,True,True,True,True,False,True,True,REVIEW
DA-TX-00085,ORG-0030,BEN-0040,0xORG000000000000000000000000000000000005,0xBEN000000000000000000000000000000000041,KR-VASP-A,PENDING,BTC,BTC,10000,450.0,KR-VASP-A,KR-VASP-A,2026-01-01T00:00:00,2026-12-31T23:59:59,2026-03-18T12:48:00,0xTX000000665196,EXECUTED,ELLIPTIC_TIME_STEP_AND_CLASS_PROPORTION,licit,True,True,True,True,False,True,True,REVIEW
DA-TX-00086,ORG-0031,BEN-0043,0xORG000000000000000000000000000000000006,0xBEN000000000000000000000000000000000046,UNREGISTERED,PENDING,ETH,ETH,500,945.0,KR-VASP-B,UNREGISTERED,2026-01-01T00:00:00,2026-12-31T23:59:59,2026-03-20T13:25:00,0xTX000000673115,EXECUTED,ELLIPTIC_TIME_STEP_AND_CLASS_PROPORTION,licit,True,False,False,True,False,False,True,REVIEW
DA-TX-00087,ORG-0032,BEN-0046,0xORG000000000000000000000000000000000007,0xBEN000000000000000000000000000000000051,GLOBAL-VASP-C,PENDING,USDT,USDT,1000,1760.0,GLOBAL-VASP-C,GLOBAL-VASP-C,2026-01-01T00:00:00,2026-12-31T23:59:59,2026-03-22T14:02:00,,BLOCKED,ELLIPTIC_TIME_STEP_AND_CLASS_PROPORTION,licit,True,False,True,True,False,True,True,REVIEW
DA-TX-00088,ORG-0033,BEN-0049,0xORG000000000000000000000000000000000008,0xBEN000000000000000000000000000000000056,KR-VASP-A,PENDING,USDC,USDC,2000,3565.0,KR-VASP-A,KR-VASP-A,2026-01-01T00:00:00,2026-12-31T23:59:59,2026-03-24T14:39:00,,BLOCKED,ELLIPTIC_TIME_STEP_AND_CLASS_PROPORTION,licit,True,False,True,True,False,True,True,REVIEW
DA-TX-00089,ORG-0034,BEN-0052,0xORG000000000000000000000000000000000009,0xBEN000000000000000000000000000000000061,KR-VASP-B,PENDING,BTC,BTC,5000,7440.0,KR-VASP-B,KR-VASP-B,2026-01-01T00:00:00,2026-12-31T23:59:59,2026-03-26T15:16:00,,BLOCKED,ELLIPTIC_TIME_STEP_AND_CLASS_PROPORTION,licit,True,False,True,True,False,True,True,REVIEW
DA-TX-00090,ORG-0035,BEN-0055,0xORG000000000000000000000000000000000010,0xBEN000000000000000000000000000000000066,GLOBAL-VASP-C,PENDING,ETH,ETH,10000,15625.0,GLOBAL-VASP-C,GLOBAL-VASP-C,2026-01-01T00:00:00,2026-12-31T23:59:59,2026-03-28T15:53:00,,BLOCKED,ELLIPTIC_TIME_STEP_AND_CLASS_PROPORTION,licit,True,False,True,True,False,True,True,REVIEW
DA-TX-00091,ORG-0036,BEN-0058,0xORG000000000000000000000000000000000011,0xBEN000000000000000000000000000000000071,KR-VASP-A,FAILED,USDT,USDT,500,52.0,KR-VASP-A,KR-VASP-A,2026-01-01T00:00:00,2026-12-31T23:59:59,2026-03-30T16:30:00,,BLOCKED,ELLIPTIC_TIME_STEP_AND_CLASS_PROPORTION,licit,True,True,True,True,False,True,True,BLOCK
DA-TX-00092,ORG-0037,BEN-0061,0xORG000000000000000000000000000000000012,0xBEN000000000000000000000000000000000076,KR-VASP-B,FAILED,USDC,BTC,1000,75.0,KR-VASP-B,KR-VASP-B,2026-01-01T00:00:00,2026-12-31T23:59:59,2026-04-01T17:07:00,,BLOCKED,ELLIPTIC_TIME_STEP_AND_CLASS_PROPORTION,licit,False,True,True,True,False,True,True,BLOCK
DA-TX-00093,ORG-0038,BEN-0064,0xORG000000000000000000000000000000000013,0xBEN000000000000000000000000000000000081,GLOBAL-VASP-C,FAILED,BTC,BTC,2000,126.0,GLOBAL-VASP-C,GLOBAL-VASP-C,2026-01-01T00:00:00,2026-12-31T23:59:59,2026-04-03T17:44:00,,BLOCKED,ELLIPTIC_TIME_STEP_AND_CLASS_PROPORTION,licit,True,True,True,True,False,True,True,BLOCK
DA-TX-00094,ORG-0039,BEN-0067,0xORG000000000000000000000000000000000014,0xBEN000000000000000000000000000000000086,KR-VASP-A,FAILED,ETH,ETH,5000,242.0,KR-VASP-A,KR-VASP-A,2026-01-01T00:00:00,2026-12-31T23:59:59,2026-04-05T18:21:00,,BLOCKED,ELLIPTIC_TIME_STEP_AND_CLASS_PROPORTION,licit,True,True,True,True,False,True,True,BLOCK
DA-TX-00095,ORG-0040,BEN-0070,0xORG000000000000000000000000000000000015,0xBEN000000000000000000000000000000000091,KR-VASP-B,FAILED,USDT,USDT,10000,517.5,KR-VASP-B,KR-VASP-B,2026-01-01T00:00:00,2026-12-31T23:59:59,2026-04-07T18:58:00,,REVIEW,ELLIPTIC_TIME_STEP_AND_CLASS_PROPORTION,licit,True,True,True,True,False,True,True,BLOCK
DA-TX-00096,ORG-0041,BEN-0002,0xORG000000000000000000000000000000000016,0xBEN000000000000000000000000000000000001,GLOBAL-VASP-C,FAILED,USDC,USDC,500,1080.0,GLOBAL-VASP-C,GLOBAL-VASP-C,2026-01-01T00:00:00,2026-01-15T23:59:59,2026-04-09T19:35:00,,REVIEW,ELLIPTIC_TIME_STEP_AND_CLASS_PROPORTION,licit,True,False,True,False,False,True,True,BLOCK
DA-TX-00097,ORG-0042,BEN-0005,0xORG000000000000000000000000000000000017,0xBEN000000000000000000000000000000000006,KR-VASP-A,MISSING,BTC,BTC,1000,2000.0,KR-VASP-A,KR-VASP-A,2026-01-01T00:00:00,2026-12-31T23:59:59,2026-04-11T20:12:00,,REVIEW,ELLIPTIC_TIME_STEP_AND_CLASS_PROPORTION,licit,True,False,True,True,False,True,True,REVIEW
DA-TX-00098,ORG-0043,BEN-0008,0xORG000000000000000000000000000000000018,0xBEN000000000000000000000000000000000011,KR-VASP-B,MISSING,ETH,ETH,2000,4030.0,KR-VASP-B,KR-VASP-B,2026-01-01T00:00:00,2026-12-31T23:59:59,2026-04-13T20:49:00,,REVIEW,ELLIPTIC_TIME_STEP_AND_CLASS_PROPORTION,licit,True,False,True,True,False,True,True,REVIEW
DA-TX-00099,ORG-0044,BEN-0011,0xORG000000000000000000000000000000000019,0xBEN000000000000000000000000000000000016,GLOBAL-VASP-C,MISSING,USDT,USDT,5000,6200.0,GLOBAL-VASP-C,GLOBAL-VASP-C,2026-01-01T00:00:00,2026-12-31T23:59:59,2026-01-07T21:26:00,,FAILED,ELLIPTIC_TIME_STEP_AND_CLASS_PROPORTION,illicit,True,False,True,True,False,True,True,REVIEW
DA-TX-00100,ORG-0045,BEN-0014,0xORG000000000000000000000000000000000020,0xBEN000000000000000000000000000000000021,KR-VASP-A,MISSING,USDC,USDC,10000,13125.0,KR-VASP-A,KR-VASP-A,2026-01-01T00:00:00,2026-12-31T23:59:59,2026-01-09T22:03:00,,FAILED,ELLIPTIC_TIME_STEP_AND_CLASS_PROPORTION,illicit,True,False,True,True,False,True,True,REVIEW
DA-TX-00101,ORG-0046,BEN-0017,0xORG000000000000000000000000000000000021,0xBEN000000000000000000000000000000000026,KR-VASP-B,VERIFIED,BTC,BTC,500,44.0,KR-VASP-B,KR-VASP-B,2026-01-01T00:00:00,2026-12-31T23:59:59,2026-01-11T22:40:00,0xTX000000791900,EXECUTED,ELLIPTIC_TIME_STEP_AND_CLASS_PROPORTION,unknown,True,True,True,True,True,True,True,PASS
DA-TX-00102,ORG-0047,BEN-0020,0xORG000000000000000000000000000000000022,0xBEN000000000000000000000000000000000031,GLOBAL-VASP-C,VERIFIED,ETH,ETH,1000,86.25,GLOBAL-VASP-C,GLOBAL-VASP-C,2026-01-01T00:00:00,2026-12-31T23:59:59,2026-01-13T23:17:00,0xTX000000799819,EXECUTED,ELLIPTIC_TIME_STEP_AND_CLASS_PROPORTION,unknown,True,True,True,True,True,True,True,PASS
DA-TX-00103,ORG-0048,BEN-0023,0xORG000000000000000000000000000000000023,0xBEN000000000000000000000000000000000036,UNREGISTERED,VERIFIED,USDT,USDT,2000,144.0,KR-VASP-A,UNREGISTERED,2026-01-01T00:00:00,2026-12-31T23:59:59,2026-01-15T23:54:00,0xTX000000807738,EXECUTED,ELLIPTIC_TIME_STEP_AND_CLASS_PROPORTION,unknown,True,True,False,True,True,False,True,REVIEW
DA-TX-00104,ORG-0049,BEN-0026,0xORG000000000000000000000000000000000024,0xBEN000000000000000000000000000000000041,KR-VASP-B,VERIFIED,USDC,USDC,5000,275.0,KR-VASP-B,KR-VASP-B,2026-01-01T00:00:00,2026-12-31T23:59:59,2026-01-18T00:31:00,0xTX000000815657,EXECUTED,ELLIPTIC_TIME_STEP_AND_CLASS_PROPORTION,unknown,True,True,True,True,True,True,True,PASS
DA-TX-00105,ORG-0050,BEN-0029,0xORG000000000000000000000000000000000025,0xBEN000000000000000000000000000000000046,GLOBAL-VASP-C,VERIFIED,BTC,ETH,10000,585.0,GLOBAL-VASP-C,GLOBAL-VASP-C,2026-01-01T00:00:00,2026-12-31T23:59:59,2026-01-20T01:08:00,0xTX000000823576,EXECUTED,ELLIPTIC_TIME_STEP_AND_CLASS_PROPORTION,unknown,False,True,True,True,True,True,True,BLOCK
DA-TX-00106,ORG-0051,BEN-0032,0xORG000000000000000000000000000000000026,0xBEN000000000000000000000000000000000051,KR-VASP-A,VERIFIED,ETH,ETH,500,900.0,KR-VASP-A,KR-VASP-A,2026-01-01T00:00:00,2026-12-31T23:59:59,2026-01-22T01:45:00,0xTX000000831495,EXECUTED,ELLIPTIC_TIME_STEP_AND_CLASS_PROPORTION,unknown,True,False,True,True,True,True,True,BLOCK
DA-TX-00107,ORG-0052,BEN-0035,0xORG000000000000000000000000000000000027,0xBEN000000000000000000000000000000000056,KR-VASP-B,VERIFIED,USDT,USDT,1000,1680.0,KR-VASP-B,KR-VASP-B,2026-01-01T00:00:00,2026-12-31T23:59:59,2026-01-24T02:22:00,0xTX000000839414,EXECUTED,ELLIPTIC_TIME_STEP_AND_CLASS_PROPORTION,unknown,True,False,True,True,True,True,True,BLOCK
DA-TX-00108,ORG-0053,BEN-0038,0xORG000000000000000000000000000000000028,0xBEN000000000000000000000000000000000061,GLOBAL-VASP-C,VERIFIED,USDC,USDC,2000,3410.0,GLOBAL-VASP-C,GLOBAL-VASP-C,2026-01-01T00:00:00,2026-12-31T23:59:59,2026-01-26T02:59:00,0xTX000000847333,EXECUTED,ELLIPTIC_TIME_STEP_AND_CLASS_PROPORTION,unknown,True,False,True,True,True,True,True,BLOCK
DA-TX-00109,ORG-0054,BEN-0041,0xORG000000000000000000000000000000000029,0xBEN000000000000000000000000000000000066,KR-VASP-A,VERIFIED,BTC,BTC,5000,7130.0,KR-VASP-A,KR-VASP-A,2026-01-01T00:00:00,2026-12-31T23:59:59,2026-01-28T03:36:00,0xTX000000855252,EXECUTED,ELLIPTIC_TIME_STEP_AND_CLASS_PROPORTION,unknown,True,False,True,True,True,True,True,BLOCK
DA-TX-00110,ORG-0055,BEN-0044,0xORG000000000000000000000000000000000030,0xBEN000000000000000000000000000000000071,KR-VASP-B,VERIFIED,ETH,ETH,10000,15000.0,KR-VASP-B,KR-VASP-B,2026-01-01T00:00:00,2026-12-31T23:59:59,2026-01-30T04:13:00,0xTX000000863171,EXECUTED,ELLIPTIC_TIME_STEP_AND_CLASS_PROPORTION,unknown,True,False,True,True,True,True,True,BLOCK
DA-TX-00111,ORG-0001,BEN-0047,0xORG000000000000000000000000000000000031,0xBEN000000000000000000000000000000000076,GLOBAL-VASP-C,VERIFIED,USDT,USDT,500,50.0,GLOBAL-VASP-C,GLOBAL-VASP-C,2026-01-01T00:00:00,2026-12-31T23:59:59,2026-02-01T04:50:00,0xTX000000871090,EXECUTED,ELLIPTIC_TIME_STEP_AND_CLASS_PROPORTION,unknown,True,True,True,True,True,True,True,PASS
DA-TX-00112,ORG-0002,BEN-0050,0xORG000000000000000000000000000000000032,0xBEN000000000000000000000000000000000081,KR-VASP-A,VERIFIED,USDC,USDC,1000,97.5,KR-VASP-A,KR-VASP-A,2026-01-01T00:00:00,2026-12-31T23:59:59,2026-02-03T05:27:00,0xTX000000879009,EXECUTED,ELLIPTIC_TIME_STEP_AND_CLASS_PROPORTION,unknown,True,True,True,True,True,True,True,PASS
DA-TX-00113,ORG-0003,BEN-0053,0xORG000000000000000000000000000000000033,0xBEN000000000000000000000000000000000086,KR-VASP-B,VERIFIED,BTC,BTC,2000,120.0,KR-VASP-B,KR-VASP-B,2026-01-01T00:00:00,2026-12-31T23:59:59,2026-02-05T06:04:00,0xTX000000886928,EXECUTED,ELLIPTIC_TIME_STEP_AND_CLASS_PROPORTION,unknown,True,True,True,True,True,True,True,PASS
DA-TX-00114,ORG-0004,BEN-0056,0xORG000000000000000000000000000000000034,0xBEN000000000000000000000000000000000091,GLOBAL-VASP-C,VERIFIED,ETH,ETH,5000,231.0,GLOBAL-VASP-C,GLOBAL-VASP-C,2026-01-01T00:00:00,2026-12-31T23:59:59,2026-02-07T06:41:00,0xTX000000894847,EXECUTED,ELLIPTIC_TIME_STEP_AND_CLASS_PROPORTION,unknown,True,True,True,True,True,True,True,PASS
DA-TX-00115,ORG-0005,BEN-0059,0xORG000000000000000000000000000000000035,0xBEN000000000000000000000000000000000001,KR-VASP-A,VERIFIED,USDT,USDT,10000,495.0,KR-VASP-A,KR-VASP-A,2026-01-01T00:00:00,2026-01-15T23:59:59,2026-02-09T07:18:00,0xTX000000902766,EXECUTED,ELLIPTIC_TIME_STEP_AND_CLASS_PROPORTION,unknown,True,True,True,False,True,True,True,BLOCK
DA-TX-00116,ORG-0006,BEN-0062,0xORG000000000000000000000000000000000036,0xBEN000000000000000000000000000000000006,KR-VASP-B,VERIFIED,USDC,USDC,500,1035.0,KR-VASP-B,KR-VASP-B,2026-01-01T00:00:00,2026-12-31T23:59:59,2026-02-11T07:55:00,0xTX000000910685,EXECUTED,ELLIPTIC_TIME_STEP_AND_CLASS_PROPORTION,unknown,True,False,True,True,True,True,True,BLOCK
DA-TX-00117,ORG-0007,BEN-0065,0xORG000000000000000000000000000000000037,0xBEN000000000000000000000000000000000011,GLOBAL-VASP-C,VERIFIED,BTC,BTC,1000,1920.0,GLOBAL-VASP-C,GLOBAL-VASP-C,2026-01-01T00:00:00,2026-12-31T23:59:59,2026-02-13T08:32:00,0xTX000000918604,EXECUTED,ELLIPTIC_TIME_STEP_AND_CLASS_PROPORTION,unknown,True,False,True,True,True,True,True,BLOCK
DA-TX-00118,ORG-0008,BEN-0068,0xORG000000000000000000000000000000000038,0xBEN000000000000000000000000000000000016,KR-VASP-A,VERIFIED,ETH,USDT,2000,3875.0,KR-VASP-A,KR-VASP-A,2026-01-01T00:00:00,2026-12-31T23:59:59,2026-02-14T09:09:00,0xTX000000926523,EXECUTED,ELLIPTIC_TIME_STEP_AND_CLASS_PROPORTION,unknown,False,False,True,True,True,True,True,BLOCK
DA-TX-00119,ORG-0009,BEN-0071,0xORG000000000000000000000000000000000039,0xBEN000000000000000000000000000000000021,KR-VASP-B,VERIFIED,USDT,USDT,5000,8060.0,KR-VASP-B,KR-VASP-B,2026-01-01T00:00:00,2026-12-31T23:59:59,2026-02-16T09:46:00,0xTX000000934442,EXECUTED,ELLIPTIC_TIME_STEP_AND_CLASS_PROPORTION,unknown,True,False,True,True,True,True,True,BLOCK
DA-TX-00120,ORG-0010,BEN-0003,0xORG000000000000000000000000000000000040,0xBEN000000000000000000000000000000000026,UNREGISTERED,VERIFIED,USDC,USDC,10000,12500.0,GLOBAL-VASP-C,UNREGISTERED,2026-01-01T00:00:00,2026-12-31T23:59:59,2026-02-18T10:23:00,0xTX000000942361,EXECUTED,ELLIPTIC_TIME_STEP_AND_CLASS_PROPORTION,unknown,True,False,False,True,True,False,True,REVIEW
DA-TX-00121,ORG-0011,BEN-0006,0xORG000000000000000000000000000000000041,0xBEN000000000000000000000000000000000031,KR-VASP-A,VERIFIED,BTC,BTC,500,42.0,KR-VASP-A,KR-VASP-A,2026-01-01T00:00:00,2026-12-31T23:59:59,2026-02-20T11:00:00,0xTX000000950280,EXECUTED,ELLIPTIC_TIME_STEP_AND_CLASS_PROPORTION,unknown,True,True,True,True,True,True,True,PASS
DA-TX-00122,ORG-0012,BEN-0009,0xORG000000000000000000000000000000000042,0xBEN000000000000000000000000000000000036,KR-VASP-B,VERIFIED,ETH,ETH,1000,82.5,KR-VASP-B,KR-VASP-B,2026-01-01T00:00:00,2026-12-31T23:59:59,2026-02-22T11:37:00,0xTX000000958199,EXECUTED,ELLIPTIC_TIME_STEP_AND_CLASS_PROPORTION,unknown,True,True,True,True,True,True,True,PASS
DA-TX-00123,ORG-0013,BEN-0012,0xORG000000000000000000000000000000000043,0xBEN000000000000000000000000000000000041,GLOBAL-VASP-C,VERIFIED,USDT,USDT,2000,138.0,GLOBAL-VASP-C,GLOBAL-VASP-C,2026-01-01T00:00:00,2026-12-31T23:59:59,2026-02-24T12:14:00,0xTX000000966118,EXECUTED,ELLIPTIC_TIME_STEP_AND_CLASS_PROPORTION,unknown,True,True,True,True,True,True,True,PASS
DA-TX-00124,ORG-0014,BEN-0015,0xORG000000000000000000000000000000000044,0xBEN000000000000000000000000000000000046,KR-VASP-A,VERIFIED,USDC,USDC,5000,264.0,KR-VASP-A,KR-VASP-A,2026-01-01T00:00:00,2026-12-31T23:59:59,2026-02-26T12:51:00,0xTX000000974037,EXECUTED,ELLIPTIC_TIME_STEP_AND_CLASS_PROPORTION,unknown,True,True,True,True,True,True,True,PASS
DA-TX-00125,ORG-0015,BEN-0018,0xORG000000000000000000000000000000000045,0xBEN000000000000000000000000000000000051,KR-VASP-B,VERIFIED,BTC,BTC,10000,562.5,KR-VASP-B,KR-VASP-B,2026-01-01T00:00:00,2026-12-31T23:59:59,2026-02-28T13:28:00,0xTX000000981956,EXECUTED,ELLIPTIC_TIME_STEP_AND_CLASS_PROPORTION,unknown,True,True,True,True,True,True,True,PASS
DA-TX-00126,ORG-0016,BEN-0021,0xORG000000000000000000000000000000000046,0xBEN000000000000000000000000000000000056,GLOBAL-VASP-C,VERIFIED,ETH,ETH,500,1170.0,GLOBAL-VASP-C,GLOBAL-VASP-C,2026-01-01T00:00:00,2026-12-31T23:59:59,2026-03-02T14:05:00,0xTX000000989875,EXECUTED,ELLIPTIC_TIME_STEP_AND_CLASS_PROPORTION,unknown,True,False,True,True,True,True,True,BLOCK
DA-TX-00127,ORG-0017,BEN-0024,0xORG000000000000000000000000000000000047,0xBEN000000000000000000000000000000000061,KR-VASP-A,VERIFIED,USDT,USDT,1000,1600.0,KR-VASP-A,KR-VASP-A,2026-01-01T00:00:00,2026-12-31T23:59:59,2026-03-04T14:42:00,0xTX000000997794,EXECUTED,ELLIPTIC_TIME_STEP_AND_CLASS_PROPORTION,unknown,True,False,True,True,True,True,True,BLOCK
DA-TX-00128,ORG-0018,BEN-0027,0xORG000000000000000000000000000000000048,0xBEN000000000000000000000000000000000066,KR-VASP-B,VERIFIED,USDC,USDC,2000,3255.0,KR-VASP-B,KR-VASP-B,2026-01-01T00:00:00,2026-12-31T23:59:59,2026-03-06T15:19:00,0xTX000001005713,EXECUTED,ELLIPTIC_TIME_STEP_AND_CLASS_PROPORTION,unknown,True,False,True,True,True,True,True,BLOCK
DA-TX-00129,ORG-0019,BEN-0030,0xORG000000000000000000000000000000000049,0xBEN000000000000000000000000000000000071,GLOBAL-VASP-C,VERIFIED,BTC,BTC,5000,6820.0,GLOBAL-VASP-C,GLOBAL-VASP-C,2026-01-01T00:00:00,2026-12-31T23:59:59,2026-03-08T15:56:00,0xTX000001013632,EXECUTED,ELLIPTIC_TIME_STEP_AND_CLASS_PROPORTION,unknown,True,False,True,True,True,True,True,BLOCK
DA-TX-00130,ORG-0020,BEN-0033,0xORG000000000000000000000000000000000050,0xBEN000000000000000000000000000000000076,KR-VASP-A,VERIFIED,ETH,ETH,10000,14375.0,KR-VASP-A,KR-VASP-A,2026-01-01T00:00:00,2026-12-31T23:59:59,2026-03-10T16:33:00,0xTX000001021551,EXECUTED,ELLIPTIC_TIME_STEP_AND_CLASS_PROPORTION,unknown,True,False,True,True,True,True,True,BLOCK
DA-TX-00131,ORG-0021,BEN-0036,0xORG000000000000000000000000000000000051,0xBEN000000000000000000000000000000000081,KR-VASP-B,VERIFIED,USDT,USDC,500,48.0,KR-VASP-B,KR-VASP-B,2026-01-01T00:00:00,2026-12-31T23:59:59,2026-03-12T17:10:00,0xTX000001029470,EXECUTED,ELLIPTIC_TIME_STEP_AND_CLASS_PROPORTION,unknown,False,True,True,True,True,True,True,BLOCK
DA-TX-00132,ORG-0022,BEN-0039,0xORG000000000000000000000000000000000052,0xBEN000000000000000000000000000000000086,GLOBAL-VASP-C,VERIFIED,USDC,USDC,1000,93.75,GLOBAL-VASP-C,GLOBAL-VASP-C,2026-01-01T00:00:00,2026-12-31T23:59:59,2026-03-14T17:47:00,0xTX000001037389,EXECUTED,ELLIPTIC_TIME_STEP_AND_CLASS_PROPORTION,unknown,True,True,True,True,True,True,True,PASS
DA-TX-00133,ORG-0023,BEN-0042,0xORG000000000000000000000000000000000053,0xBEN000000000000000000000000000000000091,KR-VASP-A,VERIFIED,BTC,BTC,2000,156.0,KR-VASP-A,KR-VASP-A,2026-01-01T00:00:00,2026-12-31T23:59:59,2026-03-16T18:24:00,0xTX000001045308,EXECUTED,ELLIPTIC_TIME_STEP_AND_CLASS_PROPORTION,unknown,True,True,True,True,True,True,True,PASS
DA-TX-00134,ORG-0024,BEN-0045,0xORG000000000000000000000000000000000054,0xBEN000000000000000000000000000000000001,KR-VASP-B,VERIFIED,ETH,ETH,5000,220.0,KR-VASP-B,KR-VASP-B,2026-01-01T00:00:00,2026-01-15T23:59:59,2026-03-18T19:01:00,0xTX000001053227,EXECUTED,ELLIPTIC_TIME_STEP_AND_CLASS_PROPORTION,unknown,True,True,True,False,True,True,True,BLOCK
DA-TX-00135,ORG-0025,BEN-0048,0xORG000000000000000000000000000000000055,0xBEN000000000000000000000000000000000006,GLOBAL-VASP-C,VERIFIED,USDT,USDT,10000,472.5,GLOBAL-VASP-C,GLOBAL-VASP-C,2026-01-01T00:00:00,2026-12-31T23:59:59,2026-03-20T19:38:00,0xTX000001061146,EXECUTED,ELLIPTIC_TIME_STEP_AND_CLASS_PROPORTION,unknown,True,True,True,True,True,True,True,PASS
DA-TX-00136,ORG-0026,BEN-0051,0xORG000000000000000000000000000000000056,0xBEN000000000000000000000000000000000011,KR-VASP-A,VERIFIED,USDC,USDC,500,990.0,KR-VASP-A,KR-VASP-A,2026-01-01T00:00:00,2026-12-31T23:59:59,2026-03-22T20:15:00,0xTX000001069065,EXECUTED,ELLIPTIC_TIME_STEP_AND_CLASS_PROPORTION,unknown,True,False,True,True,True,True,True,BLOCK
DA-TX-00137,ORG-0027,BEN-0054,0xORG000000000000000000000000000000000057,0xBEN000000000000000000000000000000000016,UNREGISTERED,VERIFIED,BTC,BTC,1000,1840.0,KR-VASP-B,UNREGISTERED,2026-01-01T00:00:00,2026-12-31T23:59:59,2026-03-24T20:52:00,0xTX000001076984,EXECUTED,ELLIPTIC_TIME_STEP_AND_CLASS_PROPORTION,unknown,True,False,False,True,True,False,True,REVIEW
DA-TX-00138,ORG-0028,BEN-0057,0xORG000000000000000000000000000000000058,0xBEN000000000000000000000000000000000021,GLOBAL-VASP-C,VERIFIED,ETH,ETH,2000,3720.0,GLOBAL-VASP-C,GLOBAL-VASP-C,2026-01-01T00:00:00,2026-12-31T23:59:59,2026-03-26T21:29:00,0xTX000001084903,EXECUTED,ELLIPTIC_TIME_STEP_AND_CLASS_PROPORTION,unknown,True,False,True,True,True,True,True,BLOCK
DA-TX-00139,ORG-0029,BEN-0060,0xORG000000000000000000000000000000000059,0xBEN000000000000000000000000000000000026,KR-VASP-A,VERIFIED,USDT,USDT,5000,7750.0,KR-VASP-A,KR-VASP-A,2026-01-01T00:00:00,2026-12-31T23:59:59,2026-03-28T22:06:00,0xTX000001092822,EXECUTED,ELLIPTIC_TIME_STEP_AND_CLASS_PROPORTION,unknown,True,False,True,True,True,True,True,BLOCK
DA-TX-00140,ORG-0030,BEN-0063,0xORG000000000000000000000000000000000060,0xBEN000000000000000000000000000000000031,KR-VASP-B,VERIFIED,USDC,USDC,10000,16250.0,KR-VASP-B,KR-VASP-B,2026-01-01T00:00:00,2026-12-31T23:59:59,2026-03-30T22:43:00,0xTX000001100741,EXECUTED,ELLIPTIC_TIME_STEP_AND_CLASS_PROPORTION,unknown,True,False,True,True,True,True,True,BLOCK
DA-TX-00141,ORG-0031,BEN-0066,0xORG000000000000000000000000000000000061,0xBEN000000000000000000000000000000000036,GLOBAL-VASP-C,VERIFIED,BTC,BTC,500,40.0,GLOBAL-VASP-C,GLOBAL-VASP-C,2026-01-01T00:00:00,2026-12-31T23:59:59,2026-04-01T23:20:00,0xTX000001108660,EXECUTED,ELLIPTIC_TIME_STEP_AND_CLASS_PROPORTION,unknown,True,True,True,True,True,True,True,PASS
DA-TX-00142,ORG-0032,BEN-0069,0xORG000000000000000000000000000000000062,0xBEN000000000000000000000000000000000041,KR-VASP-A,VERIFIED,ETH,ETH,1000,78.75,KR-VASP-A,KR-VASP-A,2026-01-01T00:00:00,2026-12-31T23:59:59,2026-04-03T23:57:00,0xTX000001116579,EXECUTED,ELLIPTIC_TIME_STEP_AND_CLASS_PROPORTION,unknown,True,True,True,True,True,True,True,PASS
DA-TX-00143,ORG-0033,BEN-0001,0xORG000000000000000000000000000000000063,0xBEN000000000000000000000000000000000046,KR-VASP-B,VERIFIED,USDT,USDT,2000,132.0,KR-VASP-B,KR-VASP-B,2026-01-01T00:00:00,2026-12-31T23:59:59,2026-04-06T00:34:00,0xTX000001124498,EXECUTED,ELLIPTIC_TIME_STEP_AND_CLASS_PROPORTION,unknown,True,True,True,True,True,True,True,PASS
DA-TX-00144,ORG-0034,BEN-0004,0xORG000000000000000000000000000000000064,0xBEN000000000000000000000000000000000051,GLOBAL-VASP-C,VERIFIED,USDC,BTC,5000,253.0,GLOBAL-VASP-C,GLOBAL-VASP-C,2026-01-01T00:00:00,2026-12-31T23:59:59,2026-04-08T01:11:00,0xTX000001132417,EXECUTED,ELLIPTIC_TIME_STEP_AND_CLASS_PROPORTION,unknown,False,True,True,True,True,True,True,BLOCK
DA-TX-00145,ORG-0035,BEN-0007,0xORG000000000000000000000000000000000065,0xBEN000000000000000000000000000000000056,KR-VASP-A,VERIFIED,BTC,BTC,10000,540.0,KR-VASP-A,KR-VASP-A,2026-01-01T00:00:00,2026-12-31T23:59:59,2026-04-10T01:48:00,0xTX000001140336,EXECUTED,ELLIPTIC_TIME_STEP_AND_CLASS_PROPORTION,unknown,True,True,True,True,True,True,True,PASS
DA-TX-00146,ORG-0036,BEN-0010,0xORG000000000000000000000000000000000066,0xBEN000000000000000000000000000000000061,KR-VASP-B,VERIFIED,ETH,ETH,500,1125.0,KR-VASP-B,KR-VASP-B,2026-01-01T00:00:00,2026-12-31T23:59:59,2026-04-12T02:25:00,0xTX000001148255,EXECUTED,ELLIPTIC_TIME_STEP_AND_CLASS_PROPORTION,unknown,True,False,True,True,True,True,True,BLOCK
DA-TX-00147,ORG-0037,BEN-0013,0xORG000000000000000000000000000000000067,0xBEN000000000000000000000000000000000066,GLOBAL-VASP-C,VERIFIED,USDT,USDT,1000,2080.0,GLOBAL-VASP-C,GLOBAL-VASP-C,2026-01-01T00:00:00,2026-12-31T23:59:59,2026-04-14T03:02:00,0xTX000001156174,EXECUTED,ELLIPTIC_TIME_STEP_AND_CLASS_PROPORTION,unknown,True,False,True,True,True,True,True,BLOCK
DA-TX-00148,ORG-0038,BEN-0016,0xORG000000000000000000000000000000000068,0xBEN000000000000000000000000000000000071,KR-VASP-A,VERIFIED,USDC,USDC,2000,3100.0,KR-VASP-A,KR-VASP-A,2026-01-01T00:00:00,2026-12-31T23:59:59,2026-01-08T03:39:00,0xTX000001164093,EXECUTED,ELLIPTIC_TIME_STEP_AND_CLASS_PROPORTION,unknown,True,False,True,True,True,True,True,BLOCK
DA-TX-00149,ORG-0039,BEN-0019,0xORG000000000000000000000000000000000069,0xBEN000000000000000000000000000000000076,KR-VASP-B,VERIFIED,BTC,BTC,5000,6510.0,KR-VASP-B,KR-VASP-B,2026-01-01T00:00:00,2026-12-31T23:59:59,2026-01-10T04:16:00,0xTX000001172012,EXECUTED,ELLIPTIC_TIME_STEP_AND_CLASS_PROPORTION,unknown,True,False,True,True,True,True,True,BLOCK
DA-TX-00150,ORG-0040,BEN-0022,0xORG000000000000000000000000000000000070,0xBEN000000000000000000000000000000000081,GLOBAL-VASP-C,VERIFIED,ETH,ETH,10000,13750.0,GLOBAL-VASP-C,GLOBAL-VASP-C,2026-01-01T00:00:00,2026-12-31T23:59:59,2026-01-12T04:53:00,0xTX000001179931,EXECUTED,ELLIPTIC_TIME_STEP_AND_CLASS_PROPORTION,unknown,True,False,True,True,True,True,True,BLOCK
DA-TX-00151,ORG-0041,BEN-0025,0xORG000000000000000000000000000000000071,0xBEN000000000000000000000000000000000086,KR-VASP-A,VERIFIED,USDT,USDT,500,46.0,KR-VASP-A,KR-VASP-A,2026-01-01T00:00:00,2026-12-31T23:59:59,2026-01-14T05:30:00,0xTX000001187850,EXECUTED,ELLIPTIC_TIME_STEP_AND_CLASS_PROPORTION,unknown,True,True,True,True,True,True,True,PASS
DA-TX-00152,ORG-0042,BEN-0028,0xORG000000000000000000000000000000000072,0xBEN000000000000000000000000000000000091,KR-VASP-B,VERIFIED,USDC,USDC,1000,90.0,KR-VASP-B,KR-VASP-B,2026-01-01T00:00:00,2026-12-31T23:59:59,2026-01-16T06:07:00,0xTX000001195769,EXECUTED,ELLIPTIC_TIME_STEP_AND_CLASS_PROPORTION,unknown,True,True,True,True,True,True,True,PASS
DA-TX-00153,ORG-0043,BEN-0031,0xORG000000000000000000000000000000000073,0xBEN000000000000000000000000000000000001,GLOBAL-VASP-C,VERIFIED,BTC,BTC,2000,150.0,GLOBAL-VASP-C,GLOBAL-VASP-C,2026-01-01T00:00:00,2026-01-15T23:59:59,2026-01-18T06:44:00,0xTX000001203688,EXECUTED,ELLIPTIC_TIME_STEP_AND_CLASS_PROPORTION,unknown,True,True,True,False,True,True,True,BLOCK
DA-TX-00154,ORG-0044,BEN-0034,0xORG000000000000000000000000000000000074,0xBEN000000000000000000000000000000000006,UNREGISTERED,VERIFIED,ETH,ETH,5000,286.0,KR-VASP-A,UNREGISTERED,2026-01-01T00:00:00,2026-12-31T23:59:59,2026-01-20T07:21:00,0xTX000001211607,EXECUTED,ELLIPTIC_TIME_STEP_AND_CLASS_PROPORTION,unknown,True,True,False,True,True,False,True,REVIEW
DA-TX-00155,ORG-0045,BEN-0037,0xORG000000000000000000000000000000000075,0xBEN000000000000000000000000000000000011,KR-VASP-B,VERIFIED,USDT,USDT,10000,450.0,KR-VASP-B,KR-VASP-B,2026-01-01T00:00:00,2026-12-31T23:59:59,2026-01-22T07:58:00,0xTX000001219526,EXECUTED,ELLIPTIC_TIME_STEP_AND_CLASS_PROPORTION,unknown,True,True,True,True,True,True,True,PASS
DA-TX-00156,ORG-0046,BEN-0040,0xORG000000000000000000000000000000000076,0xBEN000000000000000000000000000000000016,GLOBAL-VASP-C,VERIFIED,USDC,USDC,500,945.0,GLOBAL-VASP-C,GLOBAL-VASP-C,2026-01-01T00:00:00,2026-12-31T23:59:59,2026-01-24T08:35:00,0xTX000001227445,EXECUTED,ELLIPTIC_TIME_STEP_AND_CLASS_PROPORTION,unknown,True,False,True,True,True,True,True,BLOCK
DA-TX-00157,ORG-0047,BEN-0043,0xORG000000000000000000000000000000000077,0xBEN000000000000000000000000000000000021,KR-VASP-A,VERIFIED,BTC,ETH,1000,1760.0,KR-VASP-A,KR-VASP-A,2026-01-01T00:00:00,2026-12-31T23:59:59,2026-01-25T09:12:00,0xTX000001235364,EXECUTED,ELLIPTIC_TIME_STEP_AND_CLASS_PROPORTION,unknown,False,False,True,True,True,True,True,BLOCK
DA-TX-00158,ORG-0048,BEN-0046,0xORG000000000000000000000000000000000078,0xBEN000000000000000000000000000000000026,KR-VASP-B,VERIFIED,ETH,ETH,2000,3565.0,KR-VASP-B,KR-VASP-B,2026-01-01T00:00:00,2026-12-31T23:59:59,2026-01-27T09:49:00,0xTX000001243283,EXECUTED,ELLIPTIC_TIME_STEP_AND_CLASS_PROPORTION,unknown,True,False,True,True,True,True,True,BLOCK
DA-TX-00159,ORG-0049,BEN-0049,0xORG000000000000000000000000000000000079,0xBEN000000000000000000000000000000000031,GLOBAL-VASP-C,VERIFIED,USDT,USDT,5000,7440.0,GLOBAL-VASP-C,GLOBAL-VASP-C,2026-01-01T00:00:00,2026-12-31T23:59:59,2026-01-29T10:26:00,0xTX000001251202,EXECUTED,ELLIPTIC_TIME_STEP_AND_CLASS_PROPORTION,unknown,True,False,True,True,True,True,True,BLOCK
DA-TX-00160,ORG-0050,BEN-0052,0xORG000000000000000000000000000000000080,0xBEN000000000000000000000000000000000036,KR-VASP-A,VERIFIED,USDC,USDC,10000,15625.0,KR-VASP-A,KR-VASP-A,2026-01-01T00:00:00,2026-12-31T23:59:59,2026-01-31T11:03:00,0xTX000001259121,EXECUTED,ELLIPTIC_TIME_STEP_AND_CLASS_PROPORTION,unknown,True,False,True,True,True,True,True,BLOCK
DA-TX-00161,ORG-0051,BEN-0055,0xORG000000000000000000000000000000000001,0xBEN000000000000000000000000000000000041,KR-VASP-B,VERIFIED,BTC,BTC,500,52.0,KR-VASP-B,KR-VASP-B,2026-01-01T00:00:00,2026-12-31T23:59:59,2026-02-02T11:40:00,0xTX000001267040,EXECUTED,ELLIPTIC_TIME_STEP_AND_CLASS_PROPORTION,unknown,True,True,True,True,True,True,True,PASS
DA-TX-00162,ORG-0052,BEN-0058,0xORG000000000000000000000000000000000002,0xBEN000000000000000000000000000000000046,GLOBAL-VASP-C,VERIFIED,ETH,ETH,1000,75.0,GLOBAL-VASP-C,GLOBAL-VASP-C,2026-01-01T00:00:00,2026-12-31T23:59:59,2026-02-04T12:17:00,0xTX000001274959,EXECUTED,ELLIPTIC_TIME_STEP_AND_CLASS_PROPORTION,unknown,True,True,True,True,True,True,True,PASS
DA-TX-00163,ORG-0053,BEN-0061,0xORG000000000000000000000000000000000003,0xBEN000000000000000000000000000000000051,KR-VASP-A,VERIFIED,USDT,USDT,2000,126.0,KR-VASP-A,KR-VASP-A,2026-01-01T00:00:00,2026-12-31T23:59:59,2026-02-06T12:54:00,0xTX000001282878,EXECUTED,ELLIPTIC_TIME_STEP_AND_CLASS_PROPORTION,unknown,True,True,True,True,True,True,True,PASS
DA-TX-00164,ORG-0054,BEN-0064,0xORG000000000000000000000000000000000004,0xBEN000000000000000000000000000000000056,KR-VASP-B,VERIFIED,USDC,USDC,5000,242.0,KR-VASP-B,KR-VASP-B,2026-01-01T00:00:00,2026-12-31T23:59:59,2026-02-08T13:31:00,0xTX000001290797,EXECUTED,ELLIPTIC_TIME_STEP_AND_CLASS_PROPORTION,unknown,True,True,True,True,True,True,True,PASS
DA-TX-00165,ORG-0055,BEN-0067,0xORG000000000000000000000000000000000005,0xBEN000000000000000000000000000000000061,GLOBAL-VASP-C,VERIFIED,BTC,BTC,10000,517.5,GLOBAL-VASP-C,GLOBAL-VASP-C,2026-01-01T00:00:00,2026-12-31T23:59:59,2026-02-10T14:08:00,0xTX000001298716,EXECUTED,ELLIPTIC_TIME_STEP_AND_CLASS_PROPORTION,unknown,True,True,True,True,True,True,True,PASS
DA-TX-00166,ORG-0001,BEN-0070,0xORG000000000000000000000000000000000006,0xBEN000000000000000000000000000000000066,KR-VASP-A,VERIFIED,ETH,ETH,500,1080.0,KR-VASP-A,KR-VASP-A,2026-01-01T00:00:00,2026-12-31T23:59:59,2026-02-12T14:45:00,0xTX000001306635,EXECUTED,ELLIPTIC_TIME_STEP_AND_CLASS_PROPORTION,unknown,True,False,True,True,True,True,True,BLOCK
DA-TX-00167,ORG-0002,BEN-0002,0xORG000000000000000000000000000000000007,0xBEN000000000000000000000000000000000071,KR-VASP-B,VERIFIED,USDT,USDT,1000,2000.0,KR-VASP-B,KR-VASP-B,2026-01-01T00:00:00,2026-12-31T23:59:59,2026-02-14T15:22:00,0xTX000001314554,EXECUTED,ELLIPTIC_TIME_STEP_AND_CLASS_PROPORTION,unknown,True,False,True,True,True,True,True,BLOCK
DA-TX-00168,ORG-0003,BEN-0005,0xORG000000000000000000000000000000000008,0xBEN000000000000000000000000000000000076,GLOBAL-VASP-C,VERIFIED,USDC,USDC,2000,4030.0,GLOBAL-VASP-C,GLOBAL-VASP-C,2026-01-01T00:00:00,2026-12-31T23:59:59,2026-02-16T15:59:00,0xTX000001322473,EXECUTED,ELLIPTIC_TIME_STEP_AND_CLASS_PROPORTION,unknown,True,False,True,True,True,True,True,BLOCK
DA-TX-00169,ORG-0004,BEN-0008,0xORG000000000000000000000000000000000009,0xBEN000000000000000000000000000000000081,KR-VASP-A,VERIFIED,BTC,BTC,5000,6200.0,KR-VASP-A,KR-VASP-A,2026-01-01T00:00:00,2026-12-31T23:59:59,2026-02-18T16:36:00,0xTX000001330392,EXECUTED,ELLIPTIC_TIME_STEP_AND_CLASS_PROPORTION,unknown,True,False,True,True,True,True,True,BLOCK
DA-TX-00170,ORG-0005,BEN-0011,0xORG000000000000000000000000000000000010,0xBEN000000000000000000000000000000000086,KR-VASP-B,VERIFIED,ETH,USDT,10000,13125.0,KR-VASP-B,KR-VASP-B,2026-01-01T00:00:00,2026-12-31T23:59:59,2026-02-20T17:13:00,0xTX000001338311,EXECUTED,ELLIPTIC_TIME_STEP_AND_CLASS_PROPORTION,unknown,False,False,True,True,True,True,True,BLOCK
DA-TX-00171,ORG-0006,BEN-0014,0xORG000000000000000000000000000000000011,0xBEN000000000000000000000000000000000091,UNREGISTERED,VERIFIED,USDT,USDT,500,44.0,GLOBAL-VASP-C,UNREGISTERED,2026-01-01T00:00:00,2026-12-31T23:59:59,2026-02-22T17:50:00,0xTX000001346230,EXECUTED,ELLIPTIC_TIME_STEP_AND_CLASS_PROPORTION,unknown,True,True,False,True,True,False,True,REVIEW
DA-TX-00172,ORG-0007,BEN-0017,0xORG000000000000000000000000000000000012,0xBEN000000000000000000000000000000000001,KR-VASP-A,VERIFIED,USDC,USDC,1000,86.25,KR-VASP-A,KR-VASP-A,2026-01-01T00:00:00,2026-01-15T23:59:59,2026-02-24T18:27:00,0xTX000001354149,EXECUTED,ELLIPTIC_TIME_STEP_AND_CLASS_PROPORTION,unknown,True,True,True,False,True,True,True,BLOCK
DA-TX-00173,ORG-0008,BEN-0020,0xORG000000000000000000000000000000000013,0xBEN000000000000000000000000000000000006,KR-VASP-B,VERIFIED,BTC,BTC,2000,144.0,KR-VASP-B,KR-VASP-B,2026-01-01T00:00:00,2026-12-31T23:59:59,2026-02-26T19:04:00,0xTX000001362068,EXECUTED,ELLIPTIC_TIME_STEP_AND_CLASS_PROPORTION,unknown,True,True,True,True,True,True,True,PASS
DA-TX-00174,ORG-0009,BEN-0023,0xORG000000000000000000000000000000000014,0xBEN000000000000000000000000000000000011,GLOBAL-VASP-C,VERIFIED,ETH,ETH,5000,275.0,GLOBAL-VASP-C,GLOBAL-VASP-C,2026-01-01T00:00:00,2026-12-31T23:59:59,2026-02-28T19:41:00,0xTX000001369987,EXECUTED,ELLIPTIC_TIME_STEP_AND_CLASS_PROPORTION,unknown,True,True,True,True,True,True,True,PASS
DA-TX-00175,ORG-0010,BEN-0026,0xORG000000000000000000000000000000000015,0xBEN000000000000000000000000000000000016,KR-VASP-A,VERIFIED,USDT,USDT,10000,585.0,KR-VASP-A,KR-VASP-A,2026-01-01T00:00:00,2026-12-31T23:59:59,2026-03-02T20:18:00,0xTX000001377906,EXECUTED,ELLIPTIC_TIME_STEP_AND_CLASS_PROPORTION,unknown,True,True,True,True,True,True,True,PASS
DA-TX-00176,ORG-0011,BEN-0029,0xORG000000000000000000000000000000000016,0xBEN000000000000000000000000000000000021,KR-VASP-B,VERIFIED,USDC,USDC,500,900.0,KR-VASP-B,KR-VASP-B,2026-01-01T00:00:00,2026-12-31T23:59:59,2026-03-04T20:55:00,0xTX000001385825,EXECUTED,ELLIPTIC_TIME_STEP_AND_CLASS_PROPORTION,unknown,True,False,True,True,True,True,True,BLOCK
DA-TX-00177,ORG-0012,BEN-0032,0xORG000000000000000000000000000000000017,0xBEN000000000000000000000000000000000026,GLOBAL-VASP-C,VERIFIED,BTC,BTC,1000,1680.0,GLOBAL-VASP-C,GLOBAL-VASP-C,2026-01-01T00:00:00,2026-12-31T23:59:59,2026-03-06T21:32:00,0xTX000001393744,EXECUTED,ELLIPTIC_TIME_STEP_AND_CLASS_PROPORTION,unknown,True,False,True,True,True,True,True,BLOCK
DA-TX-00178,ORG-0013,BEN-0035,0xORG000000000000000000000000000000000018,0xBEN000000000000000000000000000000000031,KR-VASP-A,VERIFIED,ETH,ETH,2000,3410.0,KR-VASP-A,KR-VASP-A,2026-01-01T00:00:00,2026-12-31T23:59:59,2026-03-08T22:09:00,0xTX000001401663,EXECUTED,ELLIPTIC_TIME_STEP_AND_CLASS_PROPORTION,licit,True,False,True,True,True,True,True,BLOCK
DA-TX-00179,ORG-0014,BEN-0038,0xORG000000000000000000000000000000000019,0xBEN000000000000000000000000000000000036,KR-VASP-B,PENDING,USDT,USDT,5000,7130.0,KR-VASP-B,KR-VASP-B,2026-01-01T00:00:00,2026-12-31T23:59:59,2026-03-10T22:46:00,0xTX000001409582,EXECUTED,ELLIPTIC_TIME_STEP_AND_CLASS_PROPORTION,licit,True,False,True,True,False,True,True,REVIEW
DA-TX-00180,ORG-0015,BEN-0041,0xORG000000000000000000000000000000000020,0xBEN000000000000000000000000000000000041,GLOBAL-VASP-C,PENDING,USDC,USDC,10000,15000.0,GLOBAL-VASP-C,GLOBAL-VASP-C,2026-01-01T00:00:00,2026-12-31T23:59:59,2026-03-12T23:23:00,0xTX000001417501,EXECUTED,ELLIPTIC_TIME_STEP_AND_CLASS_PROPORTION,licit,True,False,True,True,False,True,True,REVIEW
DA-TX-00181,ORG-0016,BEN-0044,0xORG000000000000000000000000000000000021,0xBEN000000000000000000000000000000000046,KR-VASP-A,PENDING,BTC,BTC,500,50.0,KR-VASP-A,KR-VASP-A,2026-01-01T00:00:00,2026-12-31T23:59:59,2026-03-15T00:00:00,0xTX000001425420,EXECUTED,ELLIPTIC_TIME_STEP_AND_CLASS_PROPORTION,licit,True,True,True,True,False,True,True,REVIEW
DA-TX-00182,ORG-0017,BEN-0047,0xORG000000000000000000000000000000000022,0xBEN000000000000000000000000000000000051,KR-VASP-B,PENDING,ETH,ETH,1000,97.5,KR-VASP-B,KR-VASP-B,2026-01-01T00:00:00,2026-12-31T23:59:59,2026-03-17T00:37:00,0xTX000001433339,EXECUTED,ELLIPTIC_TIME_STEP_AND_CLASS_PROPORTION,licit,True,True,True,True,False,True,True,REVIEW
DA-TX-00183,ORG-0018,BEN-0050,0xORG000000000000000000000000000000000023,0xBEN000000000000000000000000000000000056,GLOBAL-VASP-C,PENDING,USDT,USDC,2000,120.0,GLOBAL-VASP-C,GLOBAL-VASP-C,2026-01-01T00:00:00,2026-12-31T23:59:59,2026-03-19T01:14:00,0xTX000001441258,EXECUTED,ELLIPTIC_TIME_STEP_AND_CLASS_PROPORTION,licit,False,True,True,True,False,True,True,REVIEW
DA-TX-00184,ORG-0019,BEN-0053,0xORG000000000000000000000000000000000024,0xBEN000000000000000000000000000000000061,KR-VASP-A,PENDING,USDC,USDC,5000,231.0,KR-VASP-A,KR-VASP-A,2026-01-01T00:00:00,2026-12-31T23:59:59,2026-03-21T01:51:00,0xTX000001449177,EXECUTED,ELLIPTIC_TIME_STEP_AND_CLASS_PROPORTION,licit,True,True,True,True,False,True,True,REVIEW
DA-TX-00185,ORG-0020,BEN-0056,0xORG000000000000000000000000000000000025,0xBEN000000000000000000000000000000000066,KR-VASP-B,PENDING,BTC,BTC,10000,495.0,KR-VASP-B,KR-VASP-B,2026-01-01T00:00:00,2026-12-31T23:59:59,2026-03-23T02:28:00,0xTX000001457096,EXECUTED,ELLIPTIC_TIME_STEP_AND_CLASS_PROPORTION,licit,True,True,True,True,False,True,True,REVIEW
DA-TX-00186,ORG-0021,BEN-0059,0xORG000000000000000000000000000000000026,0xBEN000000000000000000000000000000000071,GLOBAL-VASP-C,PENDING,ETH,ETH,500,1035.0,GLOBAL-VASP-C,GLOBAL-VASP-C,2026-01-01T00:00:00,2026-12-31T23:59:59,2026-03-25T03:05:00,0xTX000001465015,EXECUTED,ELLIPTIC_TIME_STEP_AND_CLASS_PROPORTION,licit,True,False,True,True,False,True,True,REVIEW
DA-TX-00187,ORG-0022,BEN-0062,0xORG000000000000000000000000000000000027,0xBEN000000000000000000000000000000000076,KR-VASP-A,PENDING,USDT,USDT,1000,1920.0,KR-VASP-A,KR-VASP-A,2026-01-01T00:00:00,2026-12-31T23:59:59,2026-03-27T03:42:00,,BLOCKED,ELLIPTIC_TIME_STEP_AND_CLASS_PROPORTION,licit,True,False,True,True,False,True,True,REVIEW
DA-TX-00188,ORG-0023,BEN-0065,0xORG000000000000000000000000000000000028,0xBEN000000000000000000000000000000000081,UNREGISTERED,PENDING,USDC,USDC,2000,3875.0,KR-VASP-B,UNREGISTERED,2026-01-01T00:00:00,2026-12-31T23:59:59,2026-03-29T04:19:00,,BLOCKED,ELLIPTIC_TIME_STEP_AND_CLASS_PROPORTION,licit,True,False,False,True,False,False,True,REVIEW
DA-TX-00189,ORG-0024,BEN-0068,0xORG000000000000000000000000000000000029,0xBEN000000000000000000000000000000000086,GLOBAL-VASP-C,PENDING,BTC,BTC,5000,8060.0,GLOBAL-VASP-C,GLOBAL-VASP-C,2026-01-01T00:00:00,2026-12-31T23:59:59,2026-03-31T04:56:00,,BLOCKED,ELLIPTIC_TIME_STEP_AND_CLASS_PROPORTION,licit,True,False,True,True,False,True,True,REVIEW
DA-TX-00190,ORG-0025,BEN-0071,0xORG000000000000000000000000000000000030,0xBEN000000000000000000000000000000000091,KR-VASP-A,PENDING,ETH,ETH,10000,12500.0,KR-VASP-A,KR-VASP-A,2026-01-01T00:00:00,2026-12-31T23:59:59,2026-04-02T05:33:00,,BLOCKED,ELLIPTIC_TIME_STEP_AND_CLASS_PROPORTION,licit,True,False,True,True,False,True,True,REVIEW
DA-TX-00191,ORG-0026,BEN-0003,0xORG000000000000000000000000000000000031,0xBEN000000000000000000000000000000000001,KR-VASP-B,FAILED,USDT,USDT,500,42.0,KR-VASP-B,KR-VASP-B,2026-01-01T00:00:00,2026-01-15T23:59:59,2026-04-04T06:10:00,,BLOCKED,ELLIPTIC_TIME_STEP_AND_CLASS_PROPORTION,licit,True,True,True,False,False,True,True,BLOCK
DA-TX-00192,ORG-0027,BEN-0006,0xORG000000000000000000000000000000000032,0xBEN000000000000000000000000000000000006,GLOBAL-VASP-C,FAILED,USDC,USDC,1000,82.5,GLOBAL-VASP-C,GLOBAL-VASP-C,2026-01-01T00:00:00,2026-12-31T23:59:59,2026-04-06T06:47:00,,BLOCKED,ELLIPTIC_TIME_STEP_AND_CLASS_PROPORTION,licit,True,True,True,True,False,True,True,BLOCK
DA-TX-00193,ORG-0028,BEN-0009,0xORG000000000000000000000000000000000033,0xBEN000000000000000000000000000000000011,KR-VASP-A,FAILED,BTC,BTC,2000,138.0,KR-VASP-A,KR-VASP-A,2026-01-01T00:00:00,2026-12-31T23:59:59,2026-04-08T07:24:00,,BLOCKED,ELLIPTIC_TIME_STEP_AND_CLASS_PROPORTION,licit,True,True,True,True,False,True,True,BLOCK
DA-TX-00194,ORG-0029,BEN-0012,0xORG000000000000000000000000000000000034,0xBEN000000000000000000000000000000000016,KR-VASP-B,FAILED,ETH,ETH,5000,264.0,KR-VASP-B,KR-VASP-B,2026-01-01T00:00:00,2026-12-31T23:59:59,2026-04-10T08:01:00,,BLOCKED,ELLIPTIC_TIME_STEP_AND_CLASS_PROPORTION,licit,True,True,True,True,False,True,True,BLOCK
DA-TX-00195,ORG-0030,BEN-0015,0xORG000000000000000000000000000000000035,0xBEN000000000000000000000000000000000021,GLOBAL-VASP-C,FAILED,USDT,USDT,10000,562.5,GLOBAL-VASP-C,GLOBAL-VASP-C,2026-01-01T00:00:00,2026-12-31T23:59:59,2026-04-12T08:38:00,,REVIEW,ELLIPTIC_TIME_STEP_AND_CLASS_PROPORTION,licit,True,True,True,True,False,True,True,BLOCK
DA-TX-00196,ORG-0031,BEN-0018,0xORG000000000000000000000000000000000036,0xBEN000000000000000000000000000000000026,KR-VASP-A,FAILED,USDC,BTC,500,1170.0,KR-VASP-A,KR-VASP-A,2026-01-01T00:00:00,2026-12-31T23:59:59,2026-04-13T09:15:00,,REVIEW,ELLIPTIC_TIME_STEP_AND_CLASS_PROPORTION,licit,False,False,True,True,False,True,True,BLOCK
DA-TX-00197,ORG-0032,BEN-0021,0xORG000000000000000000000000000000000037,0xBEN000000000000000000000000000000000031,KR-VASP-B,MISSING,BTC,BTC,1000,1600.0,KR-VASP-B,KR-VASP-B,2026-01-01T00:00:00,2026-12-31T23:59:59,2026-01-07T09:52:00,,REVIEW,ELLIPTIC_TIME_STEP_AND_CLASS_PROPORTION,licit,True,False,True,True,False,True,True,REVIEW
DA-TX-00198,ORG-0033,BEN-0024,0xORG000000000000000000000000000000000038,0xBEN000000000000000000000000000000000036,GLOBAL-VASP-C,MISSING,ETH,ETH,2000,3255.0,GLOBAL-VASP-C,GLOBAL-VASP-C,2026-01-01T00:00:00,2026-12-31T23:59:59,2026-01-09T10:29:00,,REVIEW,ELLIPTIC_TIME_STEP_AND_CLASS_PROPORTION,licit,True,False,True,True,False,True,True,REVIEW
DA-TX-00199,ORG-0034,BEN-0027,0xORG000000000000000000000000000000000039,0xBEN000000000000000000000000000000000041,KR-VASP-A,MISSING,USDT,USDT,5000,6820.0,KR-VASP-A,KR-VASP-A,2026-01-01T00:00:00,2026-12-31T23:59:59,2026-01-11T11:06:00,,FAILED,ELLIPTIC_TIME_STEP_AND_CLASS_PROPORTION,illicit,True,False,True,True,False,True,True,REVIEW
DA-TX-00200,ORG-0035,BEN-0030,0xORG000000000000000000000000000000000040,0xBEN000000000000000000000000000000000046,KR-VASP-B,MISSING,USDC,USDC,10000,14375.0,KR-VASP-B,KR-VASP-B,2026-01-01T00:00:00,2026-12-31T23:59:59,2026-01-13T11:43:00,,FAILED,ELLIPTIC_TIME_STEP_AND_CLASS_PROPORTION,illicit,True,False,True,True,False,True,True,REVIEW
DA-TX-00201,ORG-0036,BEN-0033,0xORG000000000000000000000000000000000041,0xBEN000000000000000000000000000000000051,GLOBAL-VASP-C,VERIFIED,BTC,BTC,500,48.0,GLOBAL-VASP-C,GLOBAL-VASP-C,2026-01-01T00:00:00,2026-12-31T23:59:59,2026-01-15T12:20:00,0xTX000001583800,EXECUTED,ELLIPTIC_TIME_STEP_AND_CLASS_PROPORTION,unknown,True,True,True,True,True,True,True,PASS
DA-TX-00202,ORG-0037,BEN-0036,0xORG000000000000000000000000000000000042,0xBEN000000000000000000000000000000000056,KR-VASP-A,VERIFIED,ETH,ETH,1000,93.75,KR-VASP-A,KR-VASP-A,2026-01-01T00:00:00,2026-12-31T23:59:59,2026-01-17T12:57:00,0xTX000001591719,EXECUTED,ELLIPTIC_TIME_STEP_AND_CLASS_PROPORTION,unknown,True,True,True,True,True,True,True,PASS
DA-TX-00203,ORG-0038,BEN-0039,0xORG000000000000000000000000000000000043,0xBEN000000000000000000000000000000000061,KR-VASP-B,VERIFIED,USDT,USDT,2000,156.0,KR-VASP-B,KR-VASP-B,2026-01-01T00:00:00,2026-12-31T23:59:59,2026-01-19T13:34:00,0xTX000001599638,EXECUTED,ELLIPTIC_TIME_STEP_AND_CLASS_PROPORTION,unknown,True,True,True,True,True,True,True,PASS
DA-TX-00204,ORG-0039,BEN-0042,0xORG000000000000000000000000000000000044,0xBEN000000000000000000000000000000000066,GLOBAL-VASP-C,VERIFIED,USDC,USDC,5000,220.0,GLOBAL-VASP-C,GLOBAL-VASP-C,2026-01-01T00:00:00,2026-12-31T23:59:59,2026-01-21T14:11:00,0xTX000001607557,EXECUTED,ELLIPTIC_TIME_STEP_AND_CLASS_PROPORTION,unknown,True,True,True,True,True,True,True,PASS
DA-TX-00205,ORG-0040,BEN-0045,0xORG000000000000000000000000000000000045,0xBEN000000000000000000000000000000000071,UNREGISTERED,VERIFIED,BTC,BTC,10000,472.5,KR-VASP-A,UNREGISTERED,2026-01-01T00:00:00,2026-12-31T23:59:59,2026-01-23T14:48:00,0xTX000001615476,EXECUTED,ELLIPTIC_TIME_STEP_AND_CLASS_PROPORTION,unknown,True,True,False,True,True,False,True,REVIEW
DA-TX-00206,ORG-0041,BEN-0048,0xORG000000000000000000000000000000000046,0xBEN000000000000000000000000000000000076,KR-VASP-B,VERIFIED,ETH,ETH,500,990.0,KR-VASP-B,KR-VASP-B,2026-01-01T00:00:00,2026-12-31T23:59:59,2026-01-25T15:25:00,0xTX000001623395,EXECUTED,ELLIPTIC_TIME_STEP_AND_CLASS_PROPORTION,unknown,True,False,True,True,True,True,True,BLOCK
DA-TX-00207,ORG-0042,BEN-0051,0xORG000000000000000000000000000000000047,0xBEN000000000000000000000000000000000081,GLOBAL-VASP-C,VERIFIED,USDT,USDT,1000,1840.0,GLOBAL-VASP-C,GLOBAL-VASP-C,2026-01-01T00:00:00,2026-12-31T23:59:59,2026-01-27T16:02:00,0xTX000001631314,EXECUTED,ELLIPTIC_TIME_STEP_AND_CLASS_PROPORTION,unknown,True,False,True,True,True,True,True,BLOCK
DA-TX-00208,ORG-0043,BEN-0054,0xORG000000000000000000000000000000000048,0xBEN000000000000000000000000000000000086,KR-VASP-A,VERIFIED,USDC,USDC,2000,3720.0,KR-VASP-A,KR-VASP-A,2026-01-01T00:00:00,2026-12-31T23:59:59,2026-01-29T16:39:00,0xTX000001639233,EXECUTED,ELLIPTIC_TIME_STEP_AND_CLASS_PROPORTION,unknown,True,False,True,True,True,True,True,BLOCK
DA-TX-00209,ORG-0044,BEN-0057,0xORG000000000000000000000000000000000049,0xBEN000000000000000000000000000000000091,KR-VASP-B,VERIFIED,BTC,ETH,5000,7750.0,KR-VASP-B,KR-VASP-B,2026-01-01T00:00:00,2026-12-31T23:59:59,2026-01-31T17:16:00,0xTX000001647152,EXECUTED,ELLIPTIC_TIME_STEP_AND_CLASS_PROPORTION,unknown,False,False,True,True,True,True,True,BLOCK
DA-TX-00210,ORG-0045,BEN-0060,0xORG000000000000000000000000000000000050,0xBEN000000000000000000000000000000000001,GLOBAL-VASP-C,VERIFIED,ETH,ETH,10000,16250.0,GLOBAL-VASP-C,GLOBAL-VASP-C,2026-01-01T00:00:00,2026-01-15T23:59:59,2026-02-02T17:53:00,0xTX000001655071,EXECUTED,ELLIPTIC_TIME_STEP_AND_CLASS_PROPORTION,unknown,True,False,True,False,True,True,True,BLOCK
DA-TX-00211,ORG-0046,BEN-0063,0xORG000000000000000000000000000000000051,0xBEN000000000000000000000000000000000006,KR-VASP-A,VERIFIED,USDT,USDT,500,40.0,KR-VASP-A,KR-VASP-A,2026-01-01T00:00:00,2026-12-31T23:59:59,2026-02-04T18:30:00,0xTX000001662990,EXECUTED,ELLIPTIC_TIME_STEP_AND_CLASS_PROPORTION,unknown,True,True,True,True,True,True,True,PASS
DA-TX-00212,ORG-0047,BEN-0066,0xORG000000000000000000000000000000000052,0xBEN000000000000000000000000000000000011,KR-VASP-B,VERIFIED,USDC,USDC,1000,78.75,KR-VASP-B,KR-VASP-B,2026-01-01T00:00:00,2026-12-31T23:59:59,2026-02-06T19:07:00,0xTX000001670909,EXECUTED,ELLIPTIC_TIME_STEP_AND_CLASS_PROPORTION,unknown,True,True,True,True,True,True,True,PASS
DA-TX-00213,ORG-0048,BEN-0069,0xORG000000000000000000000000000000000053,0xBEN000000000000000000000000000000000016,GLOBAL-VASP-C,VERIFIED,BTC,BTC,2000,132.0,GLOBAL-VASP-C,GLOBAL-VASP-C,2026-01-01T00:00:00,2026-12-31T23:59:59,2026-02-08T19:44:00,0xTX000001678828,EXECUTED,ELLIPTIC_TIME_STEP_AND_CLASS_PROPORTION,unknown,True,True,True,True,True,True,True,PASS
DA-TX-00214,ORG-0049,BEN-0001,0xORG000000000000000000000000000000000054,0xBEN000000000000000000000000000000000021,KR-VASP-A,VERIFIED,ETH,ETH,5000,253.0,KR-VASP-A,KR-VASP-A,2026-01-01T00:00:00,2026-12-31T23:59:59,2026-02-10T20:21:00,0xTX000001686747,EXECUTED,ELLIPTIC_TIME_STEP_AND_CLASS_PROPORTION,unknown,True,True,True,True,True,True,True,PASS
DA-TX-00215,ORG-0050,BEN-0004,0xORG000000000000000000000000000000000055,0xBEN000000000000000000000000000000000026,KR-VASP-B,VERIFIED,USDT,USDT,10000,540.0,KR-VASP-B,KR-VASP-B,2026-01-01T00:00:00,2026-12-31T23:59:59,2026-02-12T20:58:00,0xTX000001694666,EXECUTED,ELLIPTIC_TIME_STEP_AND_CLASS_PROPORTION,unknown,True,True,True,True,True,True,True,PASS
DA-TX-00216,ORG-0051,BEN-0007,0xORG000000000000000000000000000000000056,0xBEN000000000000000000000000000000000031,GLOBAL-VASP-C,VERIFIED,USDC,USDC,500,1125.0,GLOBAL-VASP-C,GLOBAL-VASP-C,2026-01-01T00:00:00,2026-12-31T23:59:59,2026-02-14T21:35:00,0xTX000001702585,EXECUTED,ELLIPTIC_TIME_STEP_AND_CLASS_PROPORTION,unknown,True,False,True,True,True,True,True,BLOCK
DA-TX-00217,ORG-0052,BEN-0010,0xORG000000000000000000000000000000000057,0xBEN000000000000000000000000000000000036,KR-VASP-A,VERIFIED,BTC,BTC,1000,2080.0,KR-VASP-A,KR-VASP-A,2026-01-01T00:00:00,2026-12-31T23:59:59,2026-02-16T22:12:00,0xTX000001710504,EXECUTED,ELLIPTIC_TIME_STEP_AND_CLASS_PROPORTION,unknown,True,False,True,True,True,True,True,BLOCK
DA-TX-00218,ORG-0053,BEN-0013,0xORG000000000000000000000000000000000058,0xBEN000000000000000000000000000000000041,KR-VASP-B,VERIFIED,ETH,ETH,2000,3100.0,KR-VASP-B,KR-VASP-B,2026-01-01T00:00:00,2026-12-31T23:59:59,2026-02-18T22:49:00,0xTX000001718423,EXECUTED,ELLIPTIC_TIME_STEP_AND_CLASS_PROPORTION,unknown,True,False,True,True,True,True,True,BLOCK
DA-TX-00219,ORG-0054,BEN-0016,0xORG000000000000000000000000000000000059,0xBEN000000000000000000000000000000000046,GLOBAL-VASP-C,VERIFIED,USDT,USDT,5000,6510.0,GLOBAL-VASP-C,GLOBAL-VASP-C,2026-01-01T00:00:00,2026-12-31T23:59:59,2026-02-20T23:26:00,0xTX000001726342,EXECUTED,ELLIPTIC_TIME_STEP_AND_CLASS_PROPORTION,unknown,True,False,True,True,True,True,True,BLOCK
DA-TX-00220,ORG-0055,BEN-0019,0xORG000000000000000000000000000000000060,0xBEN000000000000000000000000000000000051,KR-VASP-A,VERIFIED,USDC,USDC,10000,13750.0,KR-VASP-A,KR-VASP-A,2026-01-01T00:00:00,2026-12-31T23:59:59,2026-02-23T00:03:00,0xTX000001734261,EXECUTED,ELLIPTIC_TIME_STEP_AND_CLASS_PROPORTION,unknown,True,False,True,True,True,True,True,BLOCK
DA-TX-00221,ORG-0001,BEN-0022,0xORG000000000000000000000000000000000061,0xBEN000000000000000000000000000000000056,KR-VASP-B,VERIFIED,BTC,BTC,500,46.0,KR-VASP-B,KR-VASP-B,2026-01-01T00:00:00,2026-12-31T23:59:59,2026-02-25T00:40:00,0xTX000001742180,EXECUTED,ELLIPTIC_TIME_STEP_AND_CLASS_PROPORTION,unknown,True,True,True,True,True,True,True,PASS
DA-TX-00222,ORG-0002,BEN-0025,0xORG000000000000000000000000000000000062,0xBEN000000000000000000000000000000000061,UNREGISTERED,VERIFIED,ETH,USDT,1000,90.0,GLOBAL-VASP-C,UNREGISTERED,2026-01-01T00:00:00,2026-12-31T23:59:59,2026-02-27T01:17:00,0xTX000001750099,EXECUTED,ELLIPTIC_TIME_STEP_AND_CLASS_PROPORTION,unknown,False,True,False,True,True,False,True,REVIEW
DA-TX-00223,ORG-0003,BEN-0028,0xORG000000000000000000000000000000000063,0xBEN000000000000000000000000000000000066,KR-VASP-A,VERIFIED,USDT,USDT,2000,150.0,KR-VASP-A,KR-VASP-A,2026-01-01T00:00:00,2026-12-31T23:59:59,2026-03-01T01:54:00,0xTX000001758018,EXECUTED,ELLIPTIC_TIME_STEP_AND_CLASS_PROPORTION,unknown,True,True,True,True,True,True,True,PASS
DA-TX-00224,ORG-0004,BEN-0031,0xORG000000000000000000000000000000000064,0xBEN000000000000000000000000000000000071,KR-VASP-B,VERIFIED,USDC,USDC,5000,286.0,KR-VASP-B,KR-VASP-B,2026-01-01T00:00:00,2026-12-31T23:59:59,2026-03-03T02:31:00,0xTX000001765937,EXECUTED,ELLIPTIC_TIME_STEP_AND_CLASS_PROPORTION,unknown,True,True,True,True,True,True,True,PASS
DA-TX-00225,ORG-0005,BEN-0034,0xORG000000000000000000000000000000000065,0xBEN000000000000000000000000000000000076,GLOBAL-VASP-C,VERIFIED,BTC,BTC,10000,450.0,GLOBAL-VASP-C,GLOBAL-VASP-C,2026-01-01T00:00:00,2026-12-31T23:59:59,2026-03-05T03:08:00,0xTX000001773856,EXECUTED,ELLIPTIC_TIME_STEP_AND_CLASS_PROPORTION,unknown,True,True,True,True,True,True,True,PASS
DA-TX-00226,ORG-0006,BEN-0037,0xORG000000000000000000000000000000000066,0xBEN000000000000000000000000000000000081,KR-VASP-A,VERIFIED,ETH,ETH,500,945.0,KR-VASP-A,KR-VASP-A,2026-01-01T00:00:00,2026-12-31T23:59:59,2026-03-07T03:45:00,0xTX000001781775,EXECUTED,ELLIPTIC_TIME_STEP_AND_CLASS_PROPORTION,unknown,True,False,True,True,True,True,True,BLOCK
DA-TX-00227,ORG-0007,BEN-0040,0xORG000000000000000000000000000000000067,0xBEN000000000000000000000000000000000086,KR-VASP-B,VERIFIED,USDT,USDT,1000,1760.0,KR-VASP-B,KR-VASP-B,2026-01-01T00:00:00,2026-12-31T23:59:59,2026-03-09T04:22:00,0xTX000001789694,EXECUTED,ELLIPTIC_TIME_STEP_AND_CLASS_PROPORTION,unknown,True,False,True,True,True,True,True,BLOCK
DA-TX-00228,ORG-0008,BEN-0043,0xORG000000000000000000000000000000000068,0xBEN000000000000000000000000000000000091,GLOBAL-VASP-C,VERIFIED,USDC,USDC,2000,3565.0,GLOBAL-VASP-C,GLOBAL-VASP-C,2026-01-01T00:00:00,2026-12-31T23:59:59,2026-03-11T04:59:00,0xTX000001797613,EXECUTED,ELLIPTIC_TIME_STEP_AND_CLASS_PROPORTION,unknown,True,False,True,True,True,True,True,BLOCK
DA-TX-00229,ORG-0009,BEN-0046,0xORG000000000000000000000000000000000069,0xBEN000000000000000000000000000000000001,KR-VASP-A,VERIFIED,BTC,BTC,5000,7440.0,KR-VASP-A,KR-VASP-A,2026-01-01T00:00:00,2026-01-15T23:59:59,2026-03-13T05:36:00,0xTX000001805532,EXECUTED,ELLIPTIC_TIME_STEP_AND_CLASS_PROPORTION,unknown,True,False,True,False,True,True,True,BLOCK
DA-TX-00230,ORG-0010,BEN-0049,0xORG000000000000000000000000000000000070,0xBEN000000000000000000000000000000000006,KR-VASP-B,VERIFIED,ETH,ETH,10000,15625.0,KR-VASP-B,KR-VASP-B,2026-01-01T00:00:00,2026-12-31T23:59:59,2026-03-15T06:13:00,0xTX000001813451,EXECUTED,ELLIPTIC_TIME_STEP_AND_CLASS_PROPORTION,unknown,True,False,True,True,True,True,True,BLOCK
DA-TX-00231,ORG-0011,BEN-0052,0xORG000000000000000000000000000000000071,0xBEN000000000000000000000000000000000011,GLOBAL-VASP-C,VERIFIED,USDT,USDT,500,52.0,GLOBAL-VASP-C,GLOBAL-VASP-C,2026-01-01T00:00:00,2026-12-31T23:59:59,2026-03-17T06:50:00,0xTX000001821370,EXECUTED,ELLIPTIC_TIME_STEP_AND_CLASS_PROPORTION,unknown,True,True,True,True,True,True,True,PASS
DA-TX-00232,ORG-0012,BEN-0055,0xORG000000000000000000000000000000000072,0xBEN000000000000000000000000000000000016,KR-VASP-A,VERIFIED,USDC,USDC,1000,75.0,KR-VASP-A,KR-VASP-A,2026-01-01T00:00:00,2026-12-31T23:59:59,2026-03-19T07:27:00,0xTX000001829289,EXECUTED,ELLIPTIC_TIME_STEP_AND_CLASS_PROPORTION,unknown,True,True,True,True,True,True,True,PASS
DA-TX-00233,ORG-0013,BEN-0058,0xORG000000000000000000000000000000000073,0xBEN000000000000000000000000000000000021,KR-VASP-B,VERIFIED,BTC,BTC,2000,126.0,KR-VASP-B,KR-VASP-B,2026-01-01T00:00:00,2026-12-31T23:59:59,2026-03-21T08:04:00,0xTX000001837208,EXECUTED,ELLIPTIC_TIME_STEP_AND_CLASS_PROPORTION,unknown,True,True,True,True,True,True,True,PASS
DA-TX-00234,ORG-0014,BEN-0061,0xORG000000000000000000000000000000000074,0xBEN000000000000000000000000000000000026,GLOBAL-VASP-C,VERIFIED,ETH,ETH,5000,242.0,GLOBAL-VASP-C,GLOBAL-VASP-C,2026-01-01T00:00:00,2026-12-31T23:59:59,2026-03-23T08:41:00,0xTX000001845127,EXECUTED,ELLIPTIC_TIME_STEP_AND_CLASS_PROPORTION,unknown,True,True,True,True,True,True,True,PASS
DA-TX-00235,ORG-0015,BEN-0064,0xORG000000000000000000000000000000000075,0xBEN000000000000000000000000000000000031,KR-VASP-A,VERIFIED,USDT,USDC,10000,517.5,KR-VASP-A,KR-VASP-A,2026-01-01T00:00:00,2026-12-31T23:59:59,2026-03-24T09:18:00,0xTX000001853046,EXECUTED,ELLIPTIC_TIME_STEP_AND_CLASS_PROPORTION,unknown,False,True,True,True,True,True,True,BLOCK
DA-TX-00236,ORG-0016,BEN-0067,0xORG000000000000000000000000000000000076,0xBEN000000000000000000000000000000000036,KR-VASP-B,VERIFIED,USDC,USDC,500,1080.0,KR-VASP-B,KR-VASP-B,2026-01-01T00:00:00,2026-12-31T23:59:59,2026-03-26T09:55:00,0xTX000001860965,EXECUTED,ELLIPTIC_TIME_STEP_AND_CLASS_PROPORTION,unknown,True,False,True,True,True,True,True,BLOCK
DA-TX-00237,ORG-0017,BEN-0070,0xORG000000000000000000000000000000000077,0xBEN000000000000000000000000000000000041,GLOBAL-VASP-C,VERIFIED,BTC,BTC,1000,2000.0,GLOBAL-VASP-C,GLOBAL-VASP-C,2026-01-01T00:00:00,2026-12-31T23:59:59,2026-03-28T10:32:00,0xTX000001868884,EXECUTED,ELLIPTIC_TIME_STEP_AND_CLASS_PROPORTION,unknown,True,False,True,True,True,True,True,BLOCK
DA-TX-00238,ORG-0018,BEN-0002,0xORG000000000000000000000000000000000078,0xBEN000000000000000000000000000000000046,KR-VASP-A,VERIFIED,ETH,ETH,2000,4030.0,KR-VASP-A,KR-VASP-A,2026-01-01T00:00:00,2026-12-31T23:59:59,2026-03-30T11:09:00,0xTX000001876803,EXECUTED,ELLIPTIC_TIME_STEP_AND_CLASS_PROPORTION,unknown,True,False,True,True,True,True,True,BLOCK
DA-TX-00239,ORG-0019,BEN-0005,0xORG000000000000000000000000000000000079,0xBEN000000000000000000000000000000000051,UNREGISTERED,VERIFIED,USDT,USDT,5000,6200.0,KR-VASP-B,UNREGISTERED,2026-01-01T00:00:00,2026-12-31T23:59:59,2026-04-01T11:46:00,0xTX000001884722,EXECUTED,ELLIPTIC_TIME_STEP_AND_CLASS_PROPORTION,unknown,True,False,False,True,True,False,True,REVIEW
DA-TX-00240,ORG-0020,BEN-0008,0xORG000000000000000000000000000000000080,0xBEN000000000000000000000000000000000056,GLOBAL-VASP-C,VERIFIED,USDC,USDC,10000,13125.0,GLOBAL-VASP-C,GLOBAL-VASP-C,2026-01-01T00:00:00,2026-12-31T23:59:59,2026-04-03T12:23:00,0xTX000001892641,EXECUTED,ELLIPTIC_TIME_STEP_AND_CLASS_PROPORTION,unknown,True,False,True,True,True,True,True,BLOCK
